subject_id,fmri_r01,fmri_r02,fmri_r03,fmri_r04,fmri_r05,fmri_r06,fmri_r07,fmri_r08,fmri_r09,fmri_r10,fmri_r11,fmri_r12,eeg_total_r01,eeg_total_r02,eeg_total_r03,eeg_total_r04,eeg_total_r05,eeg_total_r06,eeg_total_r07,eeg_total_r08,eeg_total_r09,eeg_total_r10,eeg_total_r11,eeg_total_r12,theta_r01,theta_r02,theta_r03,theta_r04,theta_r05,theta_r06,theta_r07,theta_r08,theta_r09,theta_r10,theta_r11,theta_r12,alpha_r01,alpha_r02,alpha_r03,alpha_r04,alpha_r05,alpha_r06,alpha_r07,alpha_r08,alpha_r09,alpha_r10,alpha_r11,alpha_r12,beta_r01,beta_r02,beta_r03,beta_r04,beta_r05,beta_r06,beta_r07,beta_r08,beta_r09,beta_r10,beta_r11,beta_r12,gamma_r01,gamma_r02,gamma_r03,gamma_r04,gamma_r05,gamma_r06,gamma_r07,gamma_r08,gamma_r09,gamma_r10,gamma_r11,gamma_r12,centroid_r01,centroid_r02,centroid_r03,centroid_r04,centroid_r05,centroid_r06,centroid_r07,centroid_r08,centroid_r09,centroid_r10,centroid_r11,centroid_r12
010002,0.10592802613973618,0.04940556734800339,0.06014253944158554,0.5986927151679993,0.25417035818099976,0.055913329124450684,0.18478338420391083,0.03392164036631584,0.055620741099119186,0.042189694941043854,0.10577366501092911,0.08273959159851074,20.416906356811523,20.45620346069336,18.093448638916016,3.689984083175659,3.8321783542633057,7.505496025085449,4.310070991516113,6.347117900848389,7.267908573150635,6.119923114776611,6.213790416717529,4.053342819213867,3.8513588905334473,2.0896694660186768,3.4290997982025146,0.5018737316131592,0.5003842115402222,1.2264792919158936,0.5510250329971313,0.8552858233451843,0.9744438529014587,0.9163603782653809,0.7928565144538879,0.5426796674728394,2.04028058052063,1.4779688119888306,1.7743000984191895,0.3507620096206665,0.3935142457485199,0.786740243434906,0.4157581925392151,0.6361416578292847,0.7299045324325562,0.6339396238327026,0.6305017471313477,0.3970310091972351,5.432687282562256,6.113729953765869,4.635727882385254,1.2032060623168945,1.3725707530975342,2.533463478088379,1.585909366607666,2.351940631866455,2.7552008628845215,2.068169116973877,2.340059757232666,1.4370429515838623,2.1534180641174316,3.029911994934082,1.8459340333938599,0.40570542216300964,0.45461317896842957,1.1259338855743408,0.724861741065979,1.12802255153656,1.3082083463668823,0.814131498336792,0.9448147416114807,0.5280250906944275,11.988832473754883,13.679436683654785,11.670048713684082,12.972224235534668,13.889806747436523,14.913298606872559,15.957862854003906,16.422822952270508,16.669652938842773,14.180343627929688,15.508098602294922,14.285284042358398
010003,0.09382826089859009,0.08887934684753418,0.03353457152843475,0.511444091796875,0.24778753519058228,0.04131539911031723,0.3113507032394409,0.0462193600833416,0.06620979309082031,0.0657249465584755,0.17369882762432098,0.09192628413438797,41.38190841674805,49.000877380371094,42.17372512817383,7.698772430419922,7.9111809730529785,12.40095043182373,4.402453422546387,13.228449821472168,5.46946382522583,12.079292297363281,7.1638617515563965,4.554867267608643,10.09054946899414,15.394880294799805,10.649144172668457,2.4750282764434814,2.474442481994629,3.2801477909088135,1.2756338119506836,3.6481919288635254,1.4390885829925537,3.421100616455078,2.153536081314087,1.2814538478851318,3.990506410598755,7.550649642944336,4.718357563018799,1.2588554620742798,1.2617530822753906,1.6388647556304932,0.6879318952560425,1.8199334144592285,0.7421644330024719,1.718648076057434,1.2087733745574951,0.6958186030387878,5.307506561279297,9.235275268554688,7.642760753631592,1.4636064767837524,1.4054028987884521,2.683143138885498,0.9581576585769653,2.7828738689422607,1.0453262329101562,2.35298752784729,1.6377812623977661,0.8693199157714844,0.25689762830734253,0.38284382224082947,1.1585363149642944,0.055294789373874664,0.05128270015120506,0.3313469886779785,0.044821906834840775,0.22998806834220886,0.04963407292962074,0.11032623052597046,0.07415908575057983,0.034797754138708115,5.888214111328125,7.641876697540283,7.789116859436035,7.728668689727783,7.418244361877441,8.541287422180176,8.147814750671387,8.149752616882324,7.398824691772461,7.603821754455566,8.463661193847656,7.506617546081543
010004,0.1001470759510994,0.06343749165534973,0.054593075066804886,0.6960502862930298,0.34383442997932434,0.052928946912288666,0.2327774614095688,0.04321938380599022,0.04378361254930496,0.07051338255405426,0.15058599412441254,0.12629620730876923,19.53438949584961,15.915739059448242,16.33113670349121,2.676547050476074,2.3246493339538574,5.671722888946533,2.020781993865967,4.317424297332764,4.670222759246826,3.834059715270996,3.170596122741699,2.509567975997925,4.587857246398926,3.8152072429656982,3.7626683712005615,0.7164837718009949,0.6009279489517212,1.3860889673233032,0.46692362427711487,1.013797640800476,0.933462381362915,0.8970996737480164,0.5927706956863403,0.6039463877677917,2.157884359359741,2.3354177474975586,1.7604562044143677,0.4560580849647522,0.36325210332870483,0.7645434141159058,0.2847934365272522,0.5947785973548889,0.5650613903999329,0.5481840968132019,0.41449224948883057,0.362086683511734,3.8352997303009033,4.288271903991699,3.3615455627441406,0.7493611574172974,0.6201478838920593,1.5147441625595093,0.5608761310577393,1.2430332899093628,1.3868038654327393,1.0755398273468018,1.0510135889053345,0.619086503982544,0.7171155214309692,0.7194135785102844,0.8033930659294128,0.03955249488353729,0.06243691220879555,0.32449671626091003,0.10719895362854004,0.2917630970478058,0.46980783343315125,0.19634687900543213,0.31084144115448,0.06650564819574356,8.322644233703613,10.14745044708252,8.949225425720215,9.395931243896484,9.528375625610352,10.5554780960083,10.53773021697998,11.298910140991211,12.502603530883789,10.54202938079834,13.003057479858398,9.011513710021973
010005,0.16934047639369965,0.08179185539484024,0.05369856581091881,0.8419135808944702,0.5994498133659363,0.07192867994308472,0.28366154432296753,0.03186476603150368,0.07973209768533707,0.09519100189208984,0.13769759237766266,0.14229589700698853,60.25675582885742,59.53818130493164,28.59739112854004,12.033982276916504,6.7437520027160645,31.825105667114258,8.846457481384277,19.333797454833984,18.515216827392578,12.775092124938965,9.550965309143066,11.778706550598145,13.935158729553223,14.200895309448242,7.012592315673828,2.9021177291870117,1.7916053533554077,7.170701026916504,2.070295810699463,4.666193008422852,4.569924354553223,3.381464958190918,2.6373679637908936,2.6349904537200928,5.184114933013916,5.747931480407715,3.0357608795166016,1.3196003437042236,0.9043757319450378,2.551938772201538,0.8650257587432861,1.8233792781829834,1.866977334022522,1.5683820247650146,1.1577070951461792,0.9890469908714294,6.9257612228393555,7.37293815612793,4.965184688568115,1.866918921470642,1.2978609800338745,3.2976503372192383,1.2019577026367188,2.459737777709961,2.580118179321289,2.2384490966796875,1.5583477020263672,1.2466139793395996,0.33829665184020996,0.31976184248924255,0.7545057535171509,0.08440741896629333,0.057728663086891174,0.15726850926876068,0.05714074894785881,0.11824154108762741,0.1239166110754013,0.10640745609998703,0.06922745704650879,0.053227026015520096,5.517858505249023,5.760332107543945,7.547693729400635,6.4528374671936035,7.4119391441345215,5.2325286865234375,5.998195171356201,5.849355697631836,6.150481224060059,7.045233726501465,6.8414835929870605,5.277904033660889
010006,0.09687268733978271,0.1021210327744484,0.04778096824884415,0.5801921486854553,0.3863782584667206,0.06245714798569679,0.22121863067150116,0.06031694635748863,0.06799166649580002,0.08159701526165009,0.1708267331123352,0.13018503785133362,13.280418395996094,15.695101737976074,11.760396957397461,2.050879955291748,1.8872510194778442,4.676785945892334,2.7825310230255127,3.6502060890197754,3.827979564666748,3.737948179244995,3.0680291652679443,2.556036949157715,2.9338088035583496,2.7747721672058105,2.397456407546997,0.4322061836719513,0.3831481337547302,0.7012874484062195,0.5169229507446289,0.596198558807373,0.6513452529907227,0.7470337152481079,0.5434775352478027,0.5331506729125977,1.4555209875106812,1.6721444129943848,1.2316538095474243,0.2609707713127136,0.229269877076149,0.46223318576812744,0.3183569014072418,0.34818902611732483,0.392068088054657,0.4560226500034332,0.33422476053237915,0.32353073358535767,3.08254075050354,4.454342842102051,3.0396134853363037,0.5422344207763672,0.4851512610912323,1.5634539127349854,0.80434650182724,1.007433533668518,1.1117300987243652,1.0861326456069946,0.847923994064331,0.7342380285263062,0.8899357914924622,1.7418256998062134,1.1670618057250977,0.09365329891443253,0.09806646406650543,0.769183337688446,0.2607896625995636,0.42481595277786255,0.4490724802017212,0.3195681869983673,0.2744179368019104,0.19025181233882904,10.080686569213867,12.493688583374023,11.705958366394043,9.863905906677246,9.91168212890625,15.3198823928833,11.996195793151855,12.440139770507812,12.807246208190918,11.806018829345703,11.532485008239746,11.392157554626465
010007,0.06130129471421242,0.04739690199494362,0.038793690502643585,0.35142821073532104,0.17414642870426178,0.051183342933654785,0.13807684183120728,0.03894592821598053,0.04227374866604805,0.06908196955919266,0.08583922684192657,0.07835964113473892,8.84105110168457,7.450419902801514,10.196128845214844,1.5434331893920898,1.5570954084396362,3.459343671798706,1.5895564556121826,3.328474283218384,2.9617044925689697,2.8933682441711426,2.060356616973877,1.6827889680862427,2.012017250061035,1.4422334432601929,2.0905587673187256,0.3074767291545868,0.3249801695346832,0.6424001455307007,0.2521102726459503,0.5390207767486572,0.5663811564445496,0.5455195307731628,0.37410226464271545,0.3500191867351532,0.9107345342636108,0.7721936106681824,1.0637298822402954,0.17208170890808105,0.183390274643898,0.3729381561279297,0.16725778579711914,0.33394864201545715,0.31744125485420227,0.30602869391441345,0.23233608901500702,0.18705518543720245,1.758962631225586,1.7034434080123901,2.6000654697418213,0.4171240031719208,0.4287046790122986,1.0466926097869873,0.5281654000282288,1.0519136190414429,0.8381744623184204,0.7931597232818604,0.6378945112228394,0.43521782755851746,0.438451886177063,0.4381096363067627,0.9791855216026306,0.10504081845283508,0.1072760820388794,0.4276104271411896,0.22122953832149506,0.47074514627456665,0.30658218264579773,0.2646479606628418,0.21247214078903198,0.11167170107364655,8.80825138092041,9.522832870483398,11.522422790527344,10.717244148254395,10.914071083068848,13.373785018920898,14.36919116973877,14.157258033752441,12.264772415161133,11.613256454467773,12.703930854797363,10.485443115234375
010010,0.14404697716236115,0.05768901854753494,0.07150433212518692,0.5043123364448547,0.37260326743125916,0.05654297396540642,0.3365810513496399,0.05443556234240532,0.05678517743945122,0.13492020964622498,0.22969810664653778,0.11473565548658371,15.200989723205566,15.154576301574707,18.006332397460938,3.4047210216522217,2.1917903423309326,7.388479232788086,2.565004348754883,5.16786527633667,4.0427045822143555,5.126874923706055,4.251656532287598,2.7545597553253174,3.5042176246643066,3.6471550464630127,3.916700839996338,0.7620973587036133,0.5264277458190918,1.6836984157562256,0.5817632675170898,1.127300500869751,0.8998114466667175,1.15595543384552,0.9397541880607605,0.5698432326316833,1.3256906270980835,2.1404690742492676,1.5539216995239258,0.34506216645240784,0.26130297780036926,0.809359073638916,0.29111918807029724,0.5503736138343811,0.453567236661911,0.5517703890800476,0.48600977659225464,0.2923644781112671,1.8378196954727173,3.6009531021118164,2.601586103439331,0.5562697052955627,0.4472046494483948,1.5023876428604126,0.548194944858551,1.071155309677124,0.8840801119804382,0.964011549949646,0.8959556221961975,0.5627378821372986,0.11226610839366913,0.29575976729393005,0.4995160400867462,0.05987388640642166,0.05649762973189354,0.3026640713214874,0.10451888293027878,0.2438652515411377,0.17822213470935822,0.1563805341720581,0.14666561782360077,0.09395080804824829,5.69386625289917,8.550890922546387,6.843031406402588,6.884922504425049,8.10612678527832,8.57669448852539,8.7684907913208,8.826916694641113,8.960378646850586,7.870532989501953,8.449581146240234,8.206794738769531
010012,0.12104188650846481,0.07036738097667694,0.05621930584311485,0.4074327051639557,0.5027371048927307,0.05452506244182587,0.20738652348518372,0.03185435011982918,0.030494268983602524,0.054217658936977386,0.10294391959905624,0.09778744727373123,15.741122245788574,11.122638702392578,13.704815864562988,2.8087174892425537,2.881870746612549,6.894023418426514,2.6824967861175537,6.571784496307373,5.766497611999512,5.110025405883789,3.6691365242004395,2.5984303951263428,3.262981653213501,1.887047529220581,2.700324535369873,0.45707082748413086,0.4763154983520508,1.2881863117218018,0.4256479740142822,1.2167474031448364,0.9917536973953247,0.8836615085601807,0.5333867073059082,0.4210672974586487,1.4715951681137085,1.2356783151626587,1.2105647325515747,0.3236112594604492,0.36471647024154663,0.7140400409698486,0.28292590379714966,0.7082651257514954,0.5622976422309875,0.6019216775894165,0.37260520458221436,0.26545974612236023,2.9964253902435303,3.1513564586639404,2.670027494430542,0.8953665494918823,1.040546178817749,1.8413901329040527,0.8207159042358398,1.8572626113891602,1.47395920753479,1.6755706071853638,1.1360504627227783,0.7169554233551025,0.7691642045974731,0.667538583278656,0.8698450326919556,0.17469878494739532,0.18900485336780548,0.6297490000724792,0.24494828283786774,0.6072165369987488,0.4590376913547516,0.4604949653148651,0.3341185450553894,0.14619576930999756,8.47603702545166,10.464241981506348,9.051176071166992,11.183589935302734,12.14084243774414,11.457253456115723,12.020730972290039,11.788474082946777,10.687514305114746,12.498915672302246,11.995227813720703,10.120233535766602
010016,0.12387591600418091,0.054096467792987823,0.05762052908539772,0.47334378957748413,0.2979055643081665,0.06883135437965393,0.21637755632400513,0.03903840109705925,0.06043579429388046,0.06631918251514435,0.16242258250713348,0.10211964696645737,7.648805618286133,12.859971046447754,4.547952651977539,2.659224271774292,1.4227566719055176,12.987239837646484,2.152352809906006,6.866683006286621,4.722780227661133,3.736985445022583,2.6189544200897217,3.130753993988037,1.657905101776123,2.444579601287842,0.9095229506492615,0.5755692720413208,0.30653172731399536,2.718135118484497,0.4485057592391968,1.4435653686523438,0.9941811561584473,0.7320509552955627,0.49512824416160583,0.6307937502861023,0.6709815859794617,1.7275023460388184,0.4996468126773834,0.2529202997684479,0.12096460908651352,1.447647213935852,0.24497024714946747,0.7563551068305969,0.464484840631485,0.3342036008834839,0.2726242244243622,0.34224581718444824,1.1052199602127075,3.837280511856079,1.2530004978179932,0.4408217966556549,0.23930710554122925,3.145826578140259,0.5119165778160095,1.5751516819000244,0.894773006439209,0.6784414052963257,0.583098292350769,0.6943290829658508,0.1504753679037094,0.4655405282974243,0.44244322180747986,0.02370394580066204,0.039887912571430206,0.7699354887008667,0.07932258397340775,0.3224211037158966,0.14823086559772491,0.13270196318626404,0.08195988088846207,0.0662933811545372,6.5268168449401855,9.977210998535156,11.933959007263184,6.512124061584473,7.26520299911499,9.89834213256836,8.942611694335938,9.182609558105469,7.805785179138184,7.709624290466309,8.30383586883545,7.975855827331543
010017,0.1824110597372055,0.06581029295921326,0.09748463332653046,0.6081217527389526,0.2639417052268982,0.06120111048221588,0.32094964385032654,0.06288803368806839,0.05573253706097603,0.11231695115566254,0.20257450640201569,0.11867819726467133,7.984313488006592,12.6949462890625,14.477858543395996,2.5460498332977295,2.4277491569519043,10.885513305664062,2.5398621559143066,8.01524543762207,5.708030700683594,4.9644927978515625,4.574857234954834,3.043846845626831,1.6514687538146973,2.6904420852661133,3.1319258213043213,0.5223824381828308,0.5133165717124939,2.349649667739868,0.5346930027008057,1.7288832664489746,1.21708083152771,1.0831094980239868,0.9992478489875793,0.6231430768966675,0.5318083167076111,1.167914867401123,1.13948392868042,0.2055630087852478,0.2348042130470276,0.8825812935829163,0.2277013063430786,0.6793357133865356,0.44802162051200867,0.4491633474826813,0.4132997691631317,0.23053927719593048,0.6618916392326355,1.8868145942687988,1.6373525857925415,0.32391270995140076,0.37590277194976807,1.3172014951705933,0.38068172335624695,1.0833226442337036,0.6673333048820496,0.7154632210731506,0.6687085628509521,0.3513154685497284,0.03135847672820091,0.17832471430301666,0.17090469598770142,0.0308501198887825,0.03329752758145332,0.13421711325645447,0.04678913950920105,0.14818747341632843,0.06667093932628632,0.07915195822715759,0.07973737269639969,0.029051100835204124,4.661308765411377,6.377476692199707,5.6148881912231445,5.843006134033203,6.499950885772705,5.786510944366455,6.557022571563721,6.298112869262695,5.666126251220703,6.401911735534668,6.501170635223389,5.503467082977295
010019,0.13910332322120667,0.05629677325487137,0.09966417402029037,0.7107713222503662,0.28904417157173157,0.057956259697675705,0.30422502756118774,0.06168161705136299,0.06548546999692917,0.06602513045072556,0.14997851848602295,0.1197710633277893,20.91241455078125,13.185283660888672,12.428193092346191,2.7293519973754883,1.977237343788147,6.501585960388184,1.7750910520553589,4.41005802154541,5.246268272399902,4.2839765548706055,3.895754098892212,2.445324420928955,4.617654323577881,3.0305380821228027,2.6926591396331787,0.6163600087165833,0.47887763381004333,1.4583535194396973,0.36959272623062134,0.9483349323272705,1.0839388370513916,0.8924520015716553,0.923092782497406,0.5654592514038086,1.7929989099502563,1.450239896774292,1.1684513092041016,0.27186378836631775,0.2063634991645813,0.7092990279197693,0.1837538778781891,0.4953785538673401,0.5395114421844482,0.39358383417129517,0.43937447667121887,0.251919686794281,2.9209024906158447,2.9730124473571777,2.3052663803100586,0.5042906403541565,0.3748725950717926,1.4672616720199585,0.42714864015579224,1.1147336959838867,1.25392484664917,0.8233931660652161,0.8512852191925049,0.49345138669013977,0.5142866969108582,0.7969022393226624,0.6573962569236755,0.08991054445505142,0.0681481882929802,0.388103723526001,0.1342896670103073,0.336382120847702,0.4008312523365021,0.2384004443883896,0.19120000302791595,0.09888041764497757,6.648900985717773,9.745224952697754,8.595320701599121,7.871776580810547,8.126995086669922,9.69180965423584,10.47665023803711,10.793410301208496,10.465754508972168,8.772476196289062,9.222517013549805,8.520466804504395
010020,0.1516614854335785,0.08126605302095413,0.1054764837026596,0.6550504565238953,0.6116512417793274,0.06861788034439087,0.2136581987142563,0.07523342967033386,0.059097375720739365,0.08534138649702072,0.18416078388690948,0.1434715837240219,11.678812980651855,13.454283714294434,16.940134048461914,2.2238571643829346,2.4805190563201904,3.8787789344787598,1.7993967533111572,5.788647174835205,4.084689140319824,4.540302276611328,3.658111572265625,3.0169944763183594,2.7919039726257324,3.266798496246338,3.876959800720215,0.5149018168449402,0.6341471076011658,0.897281289100647,0.36840441823005676,1.1563999652862549,1.0419764518737793,1.0729845762252808,0.8365446329116821,0.804128885269165,1.0796043872833252,1.598575472831726,1.6375155448913574,0.2555765211582184,0.305708110332489,0.4150456190109253,0.17779095470905304,0.49812477827072144,0.5130730867385864,0.5073400735855103,0.4108182191848755,0.37914758920669556,1.484500527381897,2.4976491928100586,2.8373963832855225,0.3979063630104065,0.4145585596561432,0.7321825623512268,0.3499358594417572,0.984647274017334,0.8175604343414307,0.8479427695274353,0.6981529593467712,0.516273021697998,0.09845858067274094,0.429519385099411,0.5971399545669556,0.07007540017366409,0.0373864509165287,0.15620669722557068,0.10434752702713013,0.2996392846107483,0.11029086261987686,0.16110754013061523,0.14289282262325287,0.049111660569906235,5.915363311767578,8.021597862243652,7.6567230224609375,7.813674449920654,7.120820999145508,8.29466438293457,8.918935775756836,8.151456832885742,8.186795234680176,8.120058059692383,8.300996780395508,7.308946132659912
010021,0.12394428253173828,0.07629738003015518,0.07244722545146942,0.6584082841873169,0.591356098651886,0.05765905976295471,0.390508770942688,0.0601385124027729,0.05268428474664688,0.0826776996254921,0.21494212746620178,0.136914923787117,38.77016067504883,38.6981086730957,32.71702575683594,6.8747992515563965,5.644358158111572,15.988683700561523,5.406511306762695,10.360353469848633,11.402955055236816,8.444025993347168,5.065364360809326,5.082343101501465,8.744596481323242,10.300607681274414,7.365023136138916,1.8677483797073364,1.5303412675857544,3.442099094390869,1.275665044784546,2.400804042816162,2.5319530963897705,2.13885760307312,1.3165345191955566,1.1142964363098145,3.381608724594116,6.019928932189941,3.1697449684143066,1.082185983657837,0.8912050127983093,1.6545209884643555,0.7488273978233337,1.2254694700241089,1.3458962440490723,1.2432740926742554,0.7781761288642883,0.6549146175384521,4.889395236968994,9.192305564880371,5.611668586730957,1.6291553974151611,1.3021900653839111,3.1607677936553955,1.3451229333877563,2.217322587966919,2.548610210418701,2.0674922466278076,1.2376444339752197,1.202834129333496,0.4022236466407776,0.46119803190231323,1.1607310771942139,0.07983305305242538,0.06330309808254242,0.6642152667045593,0.1631830334663391,0.36480262875556946,0.42767301201820374,0.16681134700775146,0.0728212371468544,0.139521524310112,5.8803839683532715,8.45481014251709,7.7204813957214355,8.477371215820312,8.350448608398438,8.405008316040039,9.14295482635498,8.603124618530273,8.81369400024414,8.79116439819336,8.645428657531738,8.70200252532959
010022,0.11785977333784103,0.059146858751773834,0.04970500245690346,0.3707031011581421,0.24574346840381622,0.04891348257660866,0.17749466001987457,0.059628263115882874,0.033063918352127075,0.06261144578456879,0.1342645138502121,0.1078551858663559,10.716257095336914,7.353490352630615,11.394808769226074,1.786116123199463,1.6732549667358398,5.344544887542725,1.701951503753662,3.776465892791748,3.627988815307617,3.1120424270629883,2.896436929702759,2.4283742904663086,2.4592201709747314,1.6102056503295898,2.4222352504730225,0.3827022314071655,0.3828827738761902,1.1049340963363647,0.3585481643676758,0.7627964615821838,0.8277621865272522,0.6475580930709839,0.5726245641708374,0.5399520993232727,0.8806225061416626,0.561539888381958,0.8156793713569641,0.12653931975364685,0.13183538615703583,0.36122652888298035,0.11728737503290176,0.24623948335647583,0.28813230991363525,0.21806038916110992,0.18872801959514618,0.1757752001285553,1.1496281623840332,0.7024239897727966,1.0360801219940186,0.1554945707321167,0.15955901145935059,0.4498927593231201,0.14835640788078308,0.3179151713848114,0.3727055490016937,0.28343722224235535,0.2595383822917938,0.21162143349647522,0.05625391751527786,0.040637824684381485,0.050185710191726685,0.012464579194784164,0.009490437805652618,0.02159222960472107,0.011815035715699196,0.026304705068469048,0.02437702752649784,0.022149428725242615,0.03365166857838631,0.015269816853106022,5.338181018829346,5.053653717041016,4.874221324920654,4.921103477478027,5.127425670623779,4.690927028656006,4.887974739074707,4.772277355194092,5.297601222991943,4.957008361816406,5.033438682556152,4.942750930786133
010023,0.21362990140914917,0.07375287264585495,0.09455882757902145,0.5083538293838501,0.516686201095581,0.1499713957309723,0.384988397359848,0.06621906906366348,0.1175069808959961,0.19108398258686066,0.263383150100708,0.19845044612884521,28.706518173217773,35.126224517822266,34.51116180419922,4.7799530029296875,3.3592212200164795,12.402517318725586,4.157113075256348,6.959970951080322,4.552530765533447,7.008254051208496,6.284580230712891,4.1369781494140625,7.6173415184021,9.93990421295166,8.272481918334961,1.2639237642288208,0.9045428037643433,3.1274406909942627,1.1906085014343262,1.7609299421310425,1.2296983003616333,1.7421512603759766,1.681220293045044,1.1163976192474365,3.4243557453155518,5.839711666107178,3.84293532371521,0.7081793546676636,0.4755624532699585,1.583542823791504,0.6631697416305542,0.9399932026863098,0.6616036891937256,0.9150769710540771,0.9283705353736877,0.6503910422325134,5.038720607757568,8.978235244750977,7.170201301574707,1.0057108402252197,0.6852270364761353,2.6665265560150146,1.0107868909835815,1.5722908973693848,0.98276287317276,1.4734618663787842,1.4395551681518555,0.9164907336235046,0.2918111979961395,0.5979275107383728,1.667135238647461,0.04476682469248772,0.03830070048570633,0.32742932438850403,0.05033598095178604,0.1776183843612671,0.0473475344479084,0.16020582616329193,0.09766808152198792,0.03980430215597153,7.108706951141357,9.103338241577148,9.014378547668457,7.812716484069824,7.782578468322754,8.420141220092773,8.681181907653809,8.616663932800293,7.973349094390869,8.187451362609863,8.409473419189453,8.091782569885254
010024,0.14705052971839905,0.09118161350488663,0.07754794508218765,0.7303525805473328,0.34982919692993164,0.05925312638282776,0.4889545738697052,0.054590076208114624,0.05559965968132019,0.08737025409936905,0.19073277711868286,0.11652209609746933,27.612564086914062,68.2721176147461,18.114206314086914,4.546282768249512,2.2029502391815186,31.099687576293945,4.259213924407959,17.98612403869629,10.922479629516602,9.63631820678711,10.566301345825195,6.396518707275391,7.457013130187988,20.608423233032227,4.387077808380127,1.2296340465545654,0.5574590563774109,8.6498384475708,1.1783452033996582,5.1328229904174805,2.8518857955932617,2.643115520477295,2.959857225418091,1.738617181777954,3.5884151458740234,14.125629425048828,1.8503960371017456,0.8135831356048584,0.34842538833618164,4.715867042541504,0.7567331194877625,2.900714874267578,1.5977468490600586,1.601714015007019,1.9910310506820679,1.1687601804733276,5.200592517852783,19.758089065551758,2.5800864696502686,0.9157310724258423,0.3686472773551941,7.58095121383667,1.0332791805267334,4.402174472808838,2.220668315887451,2.250786066055298,2.74660325050354,1.4463779926300049,0.2599891424179077,0.862755298614502,0.1283695101737976,0.026057766750454903,0.008817214518785477,0.669571042060852,0.044028207659721375,0.2217266708612442,0.100368931889534,0.10070382803678513,0.11656922847032547,0.05111067742109299,7.381686687469482,9.818730354309082,6.195777416229248,7.674584865570068,6.817429065704346,8.98937702178955,8.629591941833496,8.724388122558594,7.659770965576172,8.410216331481934,9.032525062561035,8.2362699508667
010026,0.13309414684772491,0.06274828314781189,0.06009373441338539,0.46002092957496643,0.4102499783039093,0.036025792360305786,0.2418813705444336,0.03260006383061409,0.03610709309577942,0.04517336189746857,0.08955118805170059,0.12437384575605392,12.663141250610352,16.933063507080078,22.154239654541016,3.7998502254486084,2.775465965270996,12.109628677368164,3.753286838531494,9.311795234680176,7.648187637329102,6.414371967315674,6.408446788787842,4.048758029937744,2.8303110599517822,4.836400508880615,5.201353549957275,1.0655946731567383,0.7324944138526917,3.082504987716675,0.9017902612686157,2.4582059383392334,1.8918635845184326,1.7397125959396362,1.5809217691421509,0.9754660725593567,1.273162603378296,2.7135190963745117,2.3669447898864746,0.5818902254104614,0.385055273771286,1.5084222555160522,0.4664224088191986,1.2371392250061035,0.9426965117454529,0.9115254282951355,0.8048481345176697,0.49423572421073914,2.3309719562530518,3.789531707763672,4.253479480743408,0.7834775447845459,0.5496504306793213,2.5641136169433594,0.8037912845611572,1.9692970514297485,1.6027851104736328,1.41379714012146,1.1981298923492432,0.7394792437553406,0.5682963728904724,0.24634815752506256,0.9225335121154785,0.03940451890230179,0.0683794766664505,0.4333856999874115,0.1686163693666458,0.24904786050319672,0.3090224266052246,0.15011070668697357,0.1345207244157791,0.11244051158428192,8.322036743164062,8.432909965515137,8.423928260803223,7.902565956115723,8.169419288635254,8.731911659240723,9.059846878051758,8.458354949951172,8.830323219299316,8.568140029907227,7.670924186706543,7.816446304321289
010028,0.16876819729804993,0.0618915930390358,0.1011824980378151,0.7080664038658142,0.7358483076095581,0.059437211602926254,0.32308831810951233,0.060683272778987885,0.06741917133331299,0.08583119511604309,0.22344394028186798,0.13965916633605957,18.612550735473633,13.143264770507812,14.316256523132324,2.234419107437134,1.7839617729187012,4.743463039398193,1.8675427436828613,3.2722768783569336,4.337047576904297,4.027768611907959,3.2841081619262695,2.084294080734253,4.382726192474365,3.0801901817321777,3.253767967224121,0.5390413403511047,0.47041574120521545,1.0094653367996216,0.40922144055366516,0.6748909950256348,0.9489011764526367,0.9250555038452148,0.7248668670654297,0.49876779317855835,1.6264574527740479,1.4476304054260254,1.2469093799591064,0.2289513200521469,0.19772447645664215,0.43858495354652405,0.1982208490371704,0.3366803526878357,0.45704326033592224,0.3913011848926544,0.34378987550735474,0.2126094102859497,2.2171783447265625,2.313408136367798,1.931145191192627,0.3399765193462372,0.27802497148513794,0.8523861169815063,0.4191586971282959,0.7413974404335022,0.9368239641189575,0.6014057397842407,0.6794044971466064,0.37056228518486023,0.15228846669197083,0.34604087471961975,0.29947882890701294,0.04072101041674614,0.03179728239774704,0.2327142357826233,0.12934716045856476,0.23487620055675507,0.2686435282230377,0.07858025282621384,0.1702391654253006,0.08859119564294815,5.7221550941467285,7.554297924041748,6.459643840789795,6.8197455406188965,7.021352291107178,8.317949295043945,10.013357162475586,10.062907218933105,9.566104888916016,6.725622653961182,9.018385887145996,8.219917297363281
010029,0.10924971103668213,0.07456338405609131,0.07961065322160721,0.526566743850708,0.33192384243011475,0.04613091051578522,0.21561367809772491,0.05090021342039108,0.039164043962955475,0.07408671826124191,0.16699694097042084,0.11550871282815933,28.08616828918457,31.43674087524414,19.562419891357422,5.170087814331055,3.4589993953704834,18.13498306274414,3.005143165588379,8.819607734680176,10.728445053100586,7.719235897064209,7.1709418296813965,6.426814079284668,7.145576000213623,8.158553123474121,4.398846626281738,1.432144045829773,1.0376402139663696,4.570772171020508,0.8438121676445007,2.259096622467041,3.110546112060547,1.8852097988128662,1.8974519968032837,1.7896488904953003,2.87162446975708,4.346953868865967,2.0013339519500732,0.6039678454399109,0.4241832196712494,2.3223464488983154,0.4007156491279602,1.158098816871643,1.4174377918243408,0.8663398027420044,0.9888712763786316,0.8224085569381714,3.9299044609069824,6.782405853271484,4.047286033630371,0.7282747030258179,0.5049354434013367,4.2428131103515625,0.5785931348800659,2.0417046546936035,1.9756770133972168,1.3677115440368652,1.5386937856674194,1.1265181303024292,0.19558283686637878,0.6942139863967896,1.2101738452911377,0.03245168551802635,0.03848244622349739,0.8045583963394165,0.04729403555393219,0.3544805347919464,0.09770754724740982,0.1971241980791092,0.15801012516021729,0.0842561200261116,6.210928440093994,8.341870307922363,9.412322044372559,6.3810248374938965,6.811674118041992,9.467329978942871,7.773509979248047,9.294669151306152,7.406339645385742,7.597661972045898,8.350539207458496,7.325440883636475
010030,0.11820253729820251,0.05794607102870941,0.04757290333509445,0.42209964990615845,0.25864773988723755,0.044950783252716064,0.18215180933475494,0.04918196052312851,0.03805981203913689,0.0531303845345974,0.16126680374145508,0.0914091169834137,5.986616611480713,4.337973594665527,5.646704196929932,1.1713249683380127,1.2293437719345093,2.447709560394287,0.6819686889648438,2.388108968734741,1.3138478994369507,2.093851089477539,1.0561740398406982,0.9954772591590881,1.3464584350585938,1.054943561553955,1.2733486890792847,0.2718241214752197,0.2915279269218445,0.5596585273742676,0.15856745839118958,0.5275314450263977,0.3168947696685791,0.4936823844909668,0.2518323063850403,0.2310550957918167,0.49062424898147583,0.4770202040672302,0.47679823637008667,0.1290973722934723,0.13403210043907166,0.21424289047718048,0.06706155091524124,0.21292303502559662,0.13508813083171844,0.2071874439716339,0.10549864917993546,0.09488561004400253,0.6519913673400879,0.6766718626022339,0.6965211033821106,0.18918515741825104,0.1891346275806427,0.3105108439922333,0.09976073354482651,0.332038551568985,0.2053619921207428,0.29931744933128357,0.16846096515655518,0.13547693192958832,0.03197021782398224,0.03518613800406456,0.07762461155653,0.009229844436049461,0.009019037708640099,0.029706360772252083,0.0093075567856431,0.043236590921878815,0.020982833579182625,0.01990213803946972,0.02417658641934395,0.010859130881726742,5.347006320953369,6.521256446838379,5.949143886566162,6.562702178955078,6.425568103790283,5.981431007385254,6.463669300079346,6.401047706604004,6.799854278564453,6.259643077850342,7.106359481811523,6.162575721740723
010031,0.1205420196056366,0.07672519236803055,0.05985531210899353,0.5135100483894348,0.9856541752815247,0.04767807945609093,0.3242732882499695,0.058020882308483124,0.07190834730863571,0.08177360892295837,0.21993587911128998,0.0809280276298523,18.217082977294922,14.785426139831543,12.376959800720215,1.970758080482483,1.5934420824050903,9.175054550170898,1.6265097856521606,4.831538200378418,3.6830172538757324,3.8398237228393555,2.056805372238159,2.2001333236694336,4.015106201171875,3.5507969856262207,2.719646453857422,0.45288729667663574,0.34555497765541077,1.9691898822784424,0.35142502188682556,1.093008279800415,0.8154320120811462,0.7963942885398865,0.4356672465801239,0.45503365993499756,1.4908008575439453,2.1022756099700928,1.2607009410858154,0.27435359358787537,0.18433716893196106,1.008811354637146,0.20950531959533691,0.6408318877220154,0.43647047877311707,0.43458569049835205,0.3151843547821045,0.24855975806713104,2.140444278717041,3.6498708724975586,2.540522336959839,0.48781710863113403,0.3481655418872833,2.0402371883392334,0.429391086101532,1.3080601692199707,0.8659150004386902,0.8317520618438721,0.6464131474494934,0.47846344113349915,0.1899685263633728,0.29663875699043274,0.6934356093406677,0.02704562433063984,0.04363056644797325,0.4596732556819916,0.07351086288690567,0.2577996253967285,0.1642579883337021,0.12364441156387329,0.08388694375753403,0.06269565224647522,5.6755452156066895,8.735270500183105,9.124199867248535,8.43488883972168,8.285409927368164,9.205975532531738,9.851929664611816,10.361531257629395,9.294297218322754,8.376237869262695,10.65875244140625,8.247041702270508
010032,0.10878343135118484,0.062416259199380875,0.09083949029445648,0.8778743743896484,0.4580293595790863,0.06076182797551155,0.319428414106369,0.06276367604732513,0.0790930837392807,0.08967401832342148,0.15001267194747925,0.09723804891109467,7.320930004119873,10.153924942016602,4.6697282791137695,2.332446813583374,1.7428441047668457,7.551762104034424,2.079468250274658,5.099276065826416,4.169065952301025,5.161923408508301,4.303533554077148,1.8876841068267822,1.4902664422988892,2.0806071758270264,1.0167418718338013,0.4718427062034607,0.3733381927013397,1.6062822341918945,0.435773640871048,1.142985224723816,0.8394489288330078,1.1110821962356567,0.8564274907112122,0.4120388329029083,0.6786661148071289,1.271721601486206,0.48680731654167175,0.2624969482421875,0.1938655972480774,0.7595083117485046,0.24898305535316467,0.6058237552642822,0.4374697506427765,0.5307166576385498,0.4762246310710907,0.22066311538219452,1.4159947633743286,2.6006104946136475,1.0008127689361572,0.5159311890602112,0.3408646583557129,1.4838083982467651,0.5369711518287659,1.2254377603530884,0.9534314870834351,0.9582468867301941,0.9689879417419434,0.412808358669281,0.40924304723739624,0.4364302158355713,0.2709367871284485,0.07659726589918137,0.04353153705596924,0.3264680504798889,0.12754210829734802,0.2619136869907379,0.25423958897590637,0.15326307713985443,0.1944904327392578,0.05010257288813591,8.781560897827148,9.541498184204102,9.365257263183594,8.454426765441895,7.751508712768555,8.420690536499023,10.308897018432617,9.667800903320312,9.655570030212402,7.720754146575928,8.983467102050781,8.265769958496094
010033,0.1098288744688034,0.08246991038322449,0.06091257929801941,0.5699463486671448,0.32112669944763184,0.05048954859375954,0.32406577467918396,0.046276241540908813,0.0440005362033844,0.06488753110170364,0.14939573407173157,0.1058204174041748,33.48838806152344,26.287290573120117,30.056394577026367,4.134060859680176,4.232326984405518,10.873077392578125,3.616025686264038,7.166463375091553,8.87527847290039,6.671357154846191,4.8230204582214355,4.591765403747559,7.8260016441345215,7.252518653869629,7.248333930969238,1.0502912998199463,1.0755513906478882,2.790055513381958,0.9389153718948364,1.814063549041748,2.213587999343872,1.726669192314148,1.3041050434112549,1.2605586051940918,2.7226247787475586,2.9758894443511963,2.889988422393799,0.41963106393814087,0.5016260743141174,1.2133911848068237,0.43315136432647705,0.8022661805152893,0.8782997131347656,0.90269535779953,0.6319597959518433,0.4816550612449646,3.4363434314727783,3.6647815704345703,4.309423446655273,0.5276511311531067,0.7375650405883789,1.9082489013671875,0.6690759658813477,1.2275655269622803,1.230673909187317,1.5239157676696777,0.9467648267745972,0.5786292552947998,0.1637653112411499,0.15861360728740692,0.4928065240383148,0.02329627424478531,0.03531217575073242,0.24936611950397491,0.06670505553483963,0.12691427767276764,0.10718581080436707,0.15566802024841309,0.06279268115758896,0.025687459856271744,5.260121822357178,6.315959453582764,6.546065807342529,5.927735328674316,6.9422926902771,7.528248310089111,7.571702480316162,7.22842264175415,6.3490190505981445,8.602280616760254,7.6606974601745605,6.027557849884033
010034,0.12846443057060242,0.0858510211110115,0.07726086676120758,1.475815773010254,0.5643337965011597,0.05834825709462166,0.39604443311691284,0.05976497381925583,0.0766899585723877,0.10764351487159729,0.18358246982097626,0.13937905430793762,12.36257266998291,9.822351455688477,11.316338539123535,2.555070400238037,1.7606838941574097,6.9417948722839355,2.357569694519043,4.4566450119018555,4.538262367248535,4.249068260192871,3.5339317321777344,2.535618305206299,2.695034980773926,1.9226763248443604,2.2693264484405518,0.4876347780227661,0.3367553651332855,1.4090780019760132,0.4232465922832489,0.8607926368713379,0.8468513488769531,0.7757740616798401,0.5755325555801392,0.4618541896343231,1.1219207048416138,1.1603490114212036,1.0945454835891724,0.28340592980384827,0.1875838339328766,0.6754462122917175,0.24792690575122833,0.45120975375175476,0.44877108931541443,0.3632296621799469,0.31710705161094666,0.2674194872379303,1.9717296361923218,2.594815254211426,2.5742528438568115,0.6389062404632568,0.41954198479652405,1.4843087196350098,0.6209787726402283,1.0777209997177124,1.0807071924209595,0.7734522819519043,0.8107677102088928,0.6532072424888611,0.3740221858024597,0.4641525149345398,0.911505937576294,0.10970783978700638,0.06977133452892303,0.4207063913345337,0.16315394639968872,0.3327704668045044,0.30299821496009827,0.17310085892677307,0.20313358306884766,0.13934122025966644,7.235659122467041,9.7900972366333,10.363567352294922,9.315740585327148,8.963525772094727,9.35284423828125,10.494686126708984,10.374527931213379,9.955241203308105,7.845940589904785,9.275856971740723,9.858224868774414
010035,0.1546979397535324,0.060967277735471725,0.10154631733894348,0.6825323700904846,0.49440744519233704,0.05568474158644676,0.37663692235946655,0.04893958568572998,0.06726253032684326,0.07616353780031204,0.216681569814682,0.13628078997135162,21.794925689697266,16.275856018066406,16.084489822387695,3.8608715534210205,1.9988173246383667,10.470047950744629,3.5950005054473877,8.56649398803711,7.392782211303711,5.854905605316162,4.621461868286133,3.5085694789886475,5.032798767089844,3.820218086242676,3.7285704612731934,0.911723256111145,0.4534192979335785,2.3850131034851074,0.7726322412490845,1.9796605110168457,1.6873726844787598,1.332458734512329,1.0433073043823242,0.8035028576850891,1.8526978492736816,2.025439977645874,1.535138726234436,0.36658594012260437,0.1790938377380371,1.0176116228103638,0.31031399965286255,0.871954619884491,0.7371824383735657,0.5655007362365723,0.5053352117538452,0.3368000090122223,2.517280340194702,3.4252073764801025,2.5908563137054443,0.5445870161056519,0.30324310064315796,1.6890219449996948,0.5033709406852722,1.4426212310791016,1.2802703380584717,0.8967096209526062,0.8425631523132324,0.5403310060501099,0.1260470747947693,0.2033875584602356,0.47888875007629395,0.02737836167216301,0.03431326523423195,0.24230462312698364,0.057554941624403,0.1784227043390274,0.19299741089344025,0.07864979654550552,0.06632282584905624,0.04018512740731239,5.526181697845459,7.6782941818237305,7.336846351623535,6.107558727264404,6.621434211730957,7.066275119781494,6.288863182067871,7.1403398513793945,7.411410808563232,6.53695011138916,7.139795303344727,6.482065677642822
010036,0.1658569574356079,0.08161751925945282,0.09420494735240936,0.7147082090377808,0.48208382725715637,0.06519666314125061,0.3270016610622406,0.07891492545604706,0.04993826895952225,0.07370933890342712,0.11844886094331741,0.12348984181880951,13.624489784240723,5.725820064544678,6.245704650878906,1.6955260038375854,0.8559367060661316,2.4600846767425537,1.1377214193344116,1.4873244762420654,2.3754568099975586,1.7731857299804688,1.1241660118103027,0.8337891101837158,2.9409842491149902,1.098812460899353,1.3379497528076172,0.3504997193813324,0.1795583963394165,0.4740619957447052,0.20270781219005585,0.26141923666000366,0.3870590031147003,0.326970636844635,0.1737668365240097,0.1525709182024002,1.1443308591842651,0.5628156065940857,0.5643421411514282,0.17380361258983612,0.08554689586162567,0.24724145233631134,0.0983366072177887,0.14632177352905273,0.18554100394248962,0.1647782027721405,0.09776823222637177,0.0838279128074646,1.803108811378479,1.1092123985290527,1.053174376487732,0.3301885724067688,0.1578460931777954,0.5883227586746216,0.21564528346061707,0.3679421842098236,0.4522666931152344,0.3681018650531769,0.2601190507411957,0.18548166751861572,0.2584322988986969,0.205230250954628,0.26259246468544006,0.047776736319065094,0.02335931733250618,0.19199177622795105,0.05586607754230499,0.11887640506029129,0.15390847623348236,0.09420613199472427,0.08450545370578766,0.03569219633936882,6.261385917663574,7.956654071807861,7.838260650634766,7.780022621154785,7.567989826202393,10.447990417480469,8.284223556518555,10.57065486907959,8.79592227935791,8.828422546386719,9.939370155334473,8.722765922546387
010038,0.10198147594928741,0.10104718804359436,0.04688435047864914,0.46324408054351807,0.31536105275154114,0.0454895943403244,0.20149743556976318,0.03532332926988602,0.06052602455019951,0.09631641954183578,0.14802232384681702,0.2504391372203827,15.174938201904297,31.726837158203125,14.4515962600708,5.621097564697266,3.3284523487091064,18.613426208496094,5.140205383300781,11.276751518249512,8.01848030090332,10.35163688659668,6.54552698135376,5.182244777679443,3.867384672164917,9.28564453125,3.4383628368377686,1.6414214372634888,0.9720537066459656,4.4525580406188965,1.3809633255004883,2.9201502799987793,2.0485568046569824,2.8549726009368896,1.6833457946777344,1.385394811630249,1.7953535318374634,5.618820667266846,1.543101191520691,0.9640586972236633,0.5711490511894226,2.2204771041870117,0.7660940289497375,1.4719229936599731,1.0511051416397095,1.595595359802246,0.9694882035255432,0.8168684244155884,2.729146718978882,7.813081741333008,2.650686502456665,1.2765800952911377,0.6815574169158936,3.8752236366271973,1.162001609802246,2.3420979976654053,1.6611019372940063,2.3484461307525635,1.4720139503479004,1.1057175397872925,0.2646014392375946,0.3582128882408142,0.5176845192909241,0.05496474727988243,0.026245253160595894,0.6758652329444885,0.10463421791791916,0.2818046510219574,0.2229674607515335,0.11750245839357376,0.1488243192434311,0.050191156566143036,7.412013530731201,8.812968254089355,8.057188034057617,8.386002540588379,7.915095329284668,8.582131385803223,8.564865112304688,8.282448768615723,8.369335174560547,8.284676551818848,8.573491096496582,7.94998836517334
010039,0.05689870938658714,0.06414543092250824,0.040984343737363815,0.3738309442996979,0.1851612776517868,0.05163346976041794,0.16973000764846802,0.04245023801922798,0.05110746622085571,0.09600356221199036,0.0947946161031723,0.1596592217683792,7.360668659210205,10.255653381347656,8.985549926757812,1.3643289804458618,1.0580418109893799,3.366579532623291,1.366575002670288,2.6756584644317627,3.768921375274658,2.410778045654297,3.045806407928467,1.877221941947937,1.40590238571167,1.2772207260131836,1.7555882930755615,0.2096312940120697,0.18642880022525787,0.556781530380249,0.1823265552520752,0.39285632967948914,0.4157981872558594,0.40162718296051025,0.4339010417461395,0.2706993520259857,0.7469311952590942,0.9179827570915222,0.8239428997039795,0.12251833081245422,0.11552353203296661,0.3047742545604706,0.10504855215549469,0.2298913151025772,0.3364920914173126,0.22194164991378784,0.3036527633666992,0.17621004581451416,1.9549981355667114,3.4678900241851807,1.9402259588241577,0.3231372833251953,0.3090547025203705,0.880952775478363,0.34812799096107483,0.7385867834091187,1.4204148054122925,0.6113719940185547,1.0203396081924438,0.5664531588554382,0.753623366355896,1.5578380823135376,0.7043370604515076,0.07224172353744507,0.07807706296443939,0.36323922872543335,0.14213037490844727,0.3261069357395172,0.7365880012512207,0.2186955064535141,0.40023723244667053,0.2029174566268921,11.880210876464844,14.739693641662598,10.021392822265625,9.193062782287598,11.209573745727539,11.841780662536621,11.347514152526855,12.531091690063477,17.060016632080078,11.042346954345703,14.013352394104004,12.496885299682617
010040,0.18507437407970428,0.06535958498716354,0.07158806920051575,0.7948270440101624,0.393740177154541,0.0642784982919693,0.2967566251754761,0.0391460619866848,0.06314350664615631,0.09496071934700012,0.2345821112394333,0.09751051664352417,39.642547607421875,77.45759582519531,39.20341110229492,8.246965408325195,7.758998394012451,41.167938232421875,8.278833389282227,17.676179885864258,18.003934860229492,16.953821182250977,14.53752326965332,11.633698463439941,10.095874786376953,20.6262149810791,9.888910293579102,2.1344382762908936,2.0928683280944824,10.866108894348145,2.1724231243133545,4.501891613006592,4.840574741363525,4.678397178649902,3.9640562534332275,2.908118486404419,5.220847129821777,13.888968467712402,4.844149112701416,1.4475175142288208,1.3480780124664307,6.078537464141846,1.3786253929138184,2.4482269287109375,3.019273281097412,2.800574541091919,2.6261560916900635,2.136716842651367,8.58038330078125,20.430770874023438,8.560393333435059,1.987391710281372,1.8445957899093628,10.407991409301758,2.1028623580932617,3.75314998626709,4.817939758300781,4.210399627685547,3.7863831520080566,3.0731077194213867,0.9460350275039673,0.9336073398590088,1.5455358028411865,0.08142223209142685,0.07765623927116394,1.254638671875,0.10217107087373734,0.19027471542358398,0.2476121336221695,0.20387454330921173,0.16861310601234436,0.1325787603855133,8.378639221191406,9.02348518371582,8.976195335388184,8.476164817810059,8.477975845336914,9.410701751708984,8.792750358581543,7.819183349609375,9.133681297302246,8.74280071258545,8.994179725646973,8.94135856628418
010042,0.09946486353874207,0.08040039986371994,0.05393010750412941,0.6440107226371765,0.5860512256622314,0.05795967951416969,0.259445458650589,0.04475519806146622,0.06776503473520279,0.11241445690393448,0.16684113442897797,0.10825979709625244,9.48910903930664,16.2385311126709,16.43645668029785,2.4679856300354004,2.1198506355285645,8.437230110168457,2.1575379371643066,5.4717817306518555,3.2181382179260254,4.079675197601318,4.215910911560059,2.1357972621917725,2.102503776550293,2.8002240657806396,3.385432481765747,0.49459630250930786,0.42330774664878845,1.650708556175232,0.4226642847061157,1.1426680088043213,0.5869055986404419,0.7657924294471741,0.7151653170585632,0.4000510573387146,0.8692392706871033,1.4565422534942627,1.392956018447876,0.25986286997795105,0.2220267504453659,0.7915033102035522,0.23431868851184845,0.5747482180595398,0.3565516173839569,0.3906739056110382,0.39486151933670044,0.23492781817913055,1.4611603021621704,3.387847661972046,2.644402503967285,0.5292820930480957,0.450863778591156,1.776241421699524,0.5324384570121765,1.2310279607772827,0.950372576713562,0.901312530040741,1.0262045860290527,0.5789917707443237,0.2403532713651657,1.0240039825439453,0.7055491209030151,0.09048109501600266,0.09127145260572433,0.5617995262145996,0.13845661282539368,0.33933159708976746,0.32491400837898254,0.2742299437522888,0.3362027108669281,0.1542634218931198,6.964775562286377,9.154335021972656,7.665541648864746,8.449549674987793,8.663450241088867,9.471296310424805,10.096207618713379,9.671006202697754,12.352424621582031,9.651955604553223,10.447647094726562,10.818618774414062
010045,0.04252969101071358,0.039821136742830276,0.06063089892268181,0.6116659641265869,0.1977567821741104,0.04615820199251175,0.1779780238866806,0.02914753369987011,0.038179151713848114,0.0414971224963665,0.08156821876764297,0.09670627117156982,16.803604125976562,19.835330963134766,15.130443572998047,3.6461477279663086,2.6069624423980713,7.714956283569336,3.4668195247650146,6.837605953216553,6.186074256896973,6.810125350952148,2.5333352088928223,2.7976913452148438,3.3754541873931885,3.6491901874542236,2.9379894733428955,0.6558613181114197,0.4731276333332062,1.376128911972046,0.6455838680267334,1.2412292957305908,1.0382025241851807,1.3678799867630005,0.38994231820106506,0.38023102283477783,1.9846009016036987,2.8611319065093994,1.8004323244094849,0.5930641293525696,0.43196535110473633,0.9078664183616638,0.5028931498527527,0.8357384204864502,0.8158207535743713,1.0038306713104248,0.38059714436531067,0.3843939006328583,5.018921852111816,6.997053623199463,5.028100967407227,1.5214213132858276,1.0900928974151611,2.6235365867614746,1.3294986486434937,2.315612316131592,2.4116623401641846,2.4983980655670166,1.0990544557571411,1.2022802829742432,1.6403639316558838,1.1411244869232178,1.9927911758422852,0.18969963490962982,0.13018769025802612,0.9464940428733826,0.2958379089832306,0.7328178882598877,0.7363733649253845,0.5120342969894409,0.19210253655910492,0.22208085656166077,12.407340049743652,11.825240135192871,14.318511962890625,12.836122512817383,12.798409461975098,14.017118453979492,13.494765281677246,13.420252799987793,14.776530265808105,12.882706642150879,13.888745307922363,13.807891845703125
010046,0.12964068353176117,0.0913613960146904,0.09147252887487411,0.8931602835655212,0.7493036389350891,0.056179821491241455,0.2235766500234604,0.06385823339223862,0.05778535455465317,0.08427174389362335,0.26274096965789795,0.1339506059885025,9.87071704864502,5.289158821105957,5.329286575317383,1.3256525993347168,1.1007174253463745,2.638948917388916,0.9283552765846252,2.2848379611968994,1.8987926244735718,1.4353488683700562,1.3213168382644653,1.160416603088379,2.218137264251709,1.0919116735458374,1.112673044204712,0.30438607931137085,0.25369885563850403,0.590664267539978,0.18635860085487366,0.4399521052837372,0.41134679317474365,0.317262202501297,0.2703778147697449,0.25437691807746887,0.8722869753837585,0.4664824604988098,0.48511675000190735,0.14551350474357605,0.10883878171443939,0.2732863426208496,0.09104706346988678,0.22648365795612335,0.19038192927837372,0.14838160574436188,0.13396191596984863,0.11559097468852997,1.4070709943771362,0.8855583667755127,1.002845048904419,0.2912842333316803,0.2044609934091568,0.556604266166687,0.21185852587223053,0.5657524466514587,0.40323594212532043,0.30178552865982056,0.3270449638366699,0.23548972606658936,0.23686309158802032,0.20688311755657196,0.308630108833313,0.06216210126876831,0.03993288055062294,0.15554700791835785,0.0676160529255867,0.20543637871742249,0.11574544757604599,0.07502619177103043,0.10491517931222916,0.05396125093102455,6.709819793701172,7.650938987731934,8.787483215332031,9.123043060302734,8.053638458251953,9.372299194335938,10.084917068481445,11.061856269836426,9.428893089294434,9.08681583404541,10.734025955200195,8.709953308105469
010047,0.0776190534234047,0.0834946557879448,0.02757907658815384,0.34980690479278564,0.27048560976982117,0.03564075008034706,0.1654149442911148,0.031852204352617264,0.04102011024951935,0.04038244113326073,0.07270322740077972,0.1524217575788498,16.967195510864258,24.483150482177734,33.32827377319336,5.940310478210449,5.26900053024292,8.989609718322754,4.623754978179932,9.251964569091797,9.518383979797363,8.595778465270996,7.703643798828125,4.440672397613525,3.4688596725463867,5.31889533996582,7.3729143142700195,1.1471163034439087,1.078462839126587,1.7224608659744263,0.8720108866691589,1.7618303298950195,1.8721721172332764,1.7630079984664917,1.4106800556182861,0.7122901678085327,1.7366676330566406,3.728394031524658,3.6470799446105957,0.7628558874130249,0.7375580668449402,0.9854580760002136,0.576807975769043,0.9463872313499451,1.1689848899841309,1.1079314947128296,1.0525970458984375,0.49678176641464233,3.810370445251465,7.486166954040527,7.699728012084961,1.6623657941818237,1.564733624458313,2.379373073577881,1.359092116355896,2.083228826522827,2.6982221603393555,2.4255826473236084,2.506810426712036,1.207736849784851,1.0417495965957642,0.7703309059143066,2.183706283569336,0.18375149369239807,0.16608402132987976,0.6917732357978821,0.2748991847038269,0.48925918340682983,0.6041563153266907,0.4204210638999939,0.4015938639640808,0.18942293524742126,9.60684871673584,10.174649238586426,10.001574516296387,9.467216491699219,9.91232967376709,10.900993347167969,10.796772956848145,9.206881523132324,10.797493934631348,10.275121688842773,11.097575187683105,9.549105644226074
010048,0.0631505474448204,0.08511293679475784,0.0392063669860363,0.5373209714889526,0.5437478423118591,0.037614382803440094,0.11956056952476501,0.022969337180256844,0.022794155403971672,0.07279535382986069,0.13337558507919312,0.1330980658531189,21.040647506713867,22.551769256591797,19.233793258666992,4.166169166564941,2.4182372093200684,8.253095626831055,2.2252163887023926,5.230262756347656,5.502964019775391,6.097832679748535,4.991614818572998,3.764639139175415,4.620485305786133,4.083009243011475,4.049785137176514,0.855067253112793,0.4353235960006714,1.6884874105453491,0.41852691769599915,1.0380210876464844,0.977767825126648,1.2254753112792969,0.9281220436096191,0.6948019862174988,2.1544454097747803,2.2589633464813232,1.892912745475769,0.5160883069038391,0.28579455614089966,0.9854978919029236,0.26472094655036926,0.6043276190757751,0.6381678581237793,0.6928184032440186,0.5828628540039062,0.4274797737598419,4.358941078186035,5.001802921295166,4.0774359703063965,1.1688790321350098,0.7401915788650513,2.433986186981201,0.6703735589981079,1.466980218887329,1.7560359239578247,1.5972548723220825,1.3621106147766113,1.047988772392273,1.1165788173675537,0.9986054301261902,1.244903802871704,0.18643653392791748,0.1391458362340927,0.7590535879135132,0.16206330060958862,0.4172753691673279,0.5563732385635376,0.3679932951927185,0.24468529224395752,0.19846081733703613,9.047537803649902,8.742498397827148,9.523941040039062,10.068122863769531,10.873428344726562,12.144346237182617,11.427950859069824,11.356416702270508,12.785506248474121,10.271170616149902,9.952848434448242,10.190634727478027
010049,0.062245339155197144,0.057871706783771515,0.05770249292254448,0.473520427942276,0.29511743783950806,0.03249859809875488,0.20650210976600647,0.026118416339159012,0.022152936086058617,0.0322568416595459,0.08828515559434891,0.06594795733690262,12.888618469238281,9.486617088317871,7.886872291564941,1.7516040802001953,1.4659936428070068,5.730607032775879,1.8101799488067627,3.067284345626831,3.5454773902893066,3.2204995155334473,3.014493703842163,1.4407867193222046,2.7956626415252686,1.3106931447982788,1.5714091062545776,0.3214891254901886,0.23006610572338104,1.0035609006881714,0.2237975150346756,0.4546668231487274,0.5494237542152405,0.46436184644699097,0.4005219638347626,0.22919981181621552,1.1587716341018677,0.7522650957107544,0.7444974780082703,0.158986434340477,0.1285225749015808,0.5402335524559021,0.16257745027542114,0.27838143706321716,0.3134153485298157,0.28617945313453674,0.25741255283355713,0.12290455400943756,2.088062047958374,2.5045502185821533,1.7763521671295166,0.3935047388076782,0.4054223597049713,1.5882909297943115,0.6594521403312683,0.974112868309021,1.0162142515182495,0.9970611333847046,0.9727097749710083,0.3842466175556183,0.4598851501941681,1.0982657670974731,0.6594747304916382,0.09015028923749924,0.12945638597011566,0.699219286441803,0.3268248736858368,0.47255364060401917,0.45369288325309753,0.4526117444038391,0.42725688219070435,0.13865478336811066,7.484859466552734,12.005828857421875,10.427436828613281,9.084089279174805,11.314800262451172,12.742645263671875,16.328001022338867,14.573935508728027,13.01904582977295,13.87697696685791,14.08971881866455,11.448925018310547
010050,0.12937834858894348,0.06714950501918793,0.10847321897745132,0.6708961725234985,0.7078359723091125,0.08705414086580276,0.27245819568634033,0.05799461528658867,0.075066477060318,0.06794053316116333,0.18600793182849884,0.11008128523826599,12.761378288269043,13.6278657913208,20.26066017150879,2.657931327819824,1.7933251857757568,7.497405529022217,2.3188138008117676,6.023923397064209,5.127029895782471,4.150289058685303,2.558424949645996,2.266543388366699,2.6062541007995605,2.443264961242676,4.148465633392334,0.4519460201263428,0.27859044075012207,1.4306050539016724,0.369023859500885,1.1468632221221924,0.9384765028953552,0.7221065163612366,0.46622252464294434,0.3648068904876709,1.1515806913375854,1.6858634948730469,1.9730570316314697,0.27816885709762573,0.16101442277431488,0.7967785596847534,0.22153350710868835,0.6191267967224121,0.5171749591827393,0.3996206820011139,0.28378793597221375,0.23885998129844666,2.321749210357666,4.329834938049316,4.466856479644775,0.7065006494522095,0.4638645052909851,2.03452205657959,0.6306623816490173,1.4962072372436523,1.3243697881698608,1.0290141105651855,0.7334375381469727,0.6622421145439148,0.5803712606430054,0.8686877489089966,1.4758617877960205,0.1097893938422203,0.09838873893022537,0.6712326407432556,0.18403246998786926,0.4194723069667816,0.3765595257282257,0.2744390368461609,0.14605861902236938,0.1252981722354889,8.16103458404541,11.329205513000488,9.959643363952637,9.398265838623047,9.662859916687012,11.495326042175293,10.898399353027344,10.284236907958984,10.570659637451172,10.029315948486328,10.485857963562012,10.378791809082031
010051,0.11145590245723724,0.09101542085409164,0.033921945840120316,0.3136627972126007,0.19886507093906403,0.04592202231287956,0.13097050786018372,0.02226511389017105,0.06177109107375145,0.054104551672935486,0.058990828692913055,0.13431532680988312,4.045085906982422,2.304626703262329,4.261512756347656,0.3869253098964691,0.20636016130447388,1.4723432064056396,0.8647127151489258,1.217773675918579,0.9428494572639465,0.6509042382240295,0.6057321429252625,0.837080180644989,0.8705193996429443,0.442507803440094,0.9016876816749573,0.060103051364421844,0.04900696873664856,0.2812884449958801,0.18502585589885712,0.20237797498703003,0.15995143353939056,0.1452043354511261,0.11511058360338211,0.15774135291576385,0.3199610114097595,0.1565302014350891,0.3247790038585663,0.019177980720996857,0.015275979414582253,0.08435773104429245,0.06333978474140167,0.06295546144247055,0.04948605224490166,0.054044920951128006,0.03676946833729744,0.05374790355563164,0.4741787016391754,0.26595616340637207,0.5012633800506592,0.03631340712308884,0.02069518342614174,0.10507922619581223,0.09123799204826355,0.1146574541926384,0.08116738498210907,0.08272648602724075,0.061198510229587555,0.08940748870372772,0.06115761399269104,0.06556118279695511,0.086815245449543,0.010480047203600407,0.0025086929090321064,0.008261993527412415,0.012486954219639301,0.0371665395796299,0.019643839448690414,0.011957438662648201,0.014738599769771099,0.019401496276259422,5.814464569091797,6.135065078735352,5.9964213371276855,5.424747467041016,5.505706310272217,4.395535945892334,5.550267219543457,5.6256632804870605,5.124202251434326,6.184254169464111,5.679965496063232,5.74571418762207
010052,0.10726269334554672,0.09912358969449997,0.0644422397017479,0.7665783762931824,0.4257359802722931,0.06152559444308281,0.37546199560165405,0.0506129153072834,0.052683230489492416,0.09378541260957718,0.20637260377407074,0.10013625025749207,16.12149429321289,14.938849449157715,18.128173828125,2.404684066772461,2.619734525680542,7.555967807769775,2.9753503799438477,5.488368988037109,7.649009704589844,6.102694034576416,4.171428680419922,4.040163040161133,3.9303925037384033,3.4384093284606934,4.177726745605469,0.6734307408332825,0.7023137211799622,1.8033826351165771,0.7338480949401855,1.3169472217559814,1.9289069175720215,1.504623532295227,1.086847186088562,1.0681636333465576,1.4934523105621338,1.1904819011688232,1.5846078395843506,0.2419610172510147,0.24310004711151123,0.7005046606063843,0.26380887627601624,0.5137112736701965,0.7449150085449219,0.5241173505783081,0.38361817598342896,0.37261050939559937,2.085657835006714,1.6281559467315674,2.330714702606201,0.2925698757171631,0.30285850167274475,1.0691838264465332,0.35952436923980713,0.7818259000778198,1.0699559450149536,0.6754593849182129,0.5157565474510193,0.46504470705986023,0.16265422105789185,0.17063835263252258,0.2708164155483246,0.01363853458315134,0.027377085760235786,0.15217038989067078,0.03876160830259323,0.10877038538455963,0.11613676697015762,0.05216287821531296,0.05606905370950699,0.038393087685108185,6.047390937805176,5.606060981750488,6.128619194030762,5.965658187866211,5.948345184326172,6.633333683013916,6.0092597007751465,6.649893760681152,6.503101825714111,5.640667915344238,6.168862342834473,5.88297176361084
010053,0.150864377617836,0.12844358384609222,0.049463849514722824,0.6946900486946106,0.5324203968048096,0.06317809969186783,0.40869998931884766,0.04713524132966995,0.06380972266197205,0.12164541333913803,0.2044406235218048,0.15126818418502808,18.406465530395508,28.06886100769043,19.345964431762695,4.5761942863464355,4.874675273895264,15.305506706237793,3.424849033355713,12.90623950958252,10.323257446289062,8.577293395996094,6.8906941413879395,5.65029239654541,4.051219940185547,6.322490692138672,4.2154951095581055,1.0568965673446655,1.1262526512145996,3.3728339672088623,0.7670348882675171,2.7609450817108154,2.305875539779663,1.856270432472229,1.3997279405593872,1.2544848918914795,1.7237135171890259,3.211749792098999,1.7851098775863647,0.4191194176673889,0.476872980594635,1.3475583791732788,0.34338101744651794,1.0967899560928345,1.0172479152679443,0.7846088409423828,0.5258545279502869,0.5034369230270386,3.2983756065368652,6.622192859649658,3.434511423110962,0.7928511500358582,0.8982259631156921,2.337754726409912,0.6818535923957825,1.926957368850708,1.9498449563980103,1.4853408336639404,0.9855673313140869,0.9500039219856262,0.7705615758895874,0.8761449456214905,0.8848847150802612,0.08425266295671463,0.09239156544208527,0.4304330050945282,0.10461846739053726,0.34979522228240967,0.3501873016357422,0.2301362156867981,0.13645268976688385,0.10385303199291229,8.068242073059082,8.784677505493164,8.172515869140625,7.102139472961426,7.344200134277344,7.03194522857666,8.037200927734375,6.883627414703369,7.971271991729736,7.345977306365967,6.398584365844727,6.947784900665283
010056,0.14860092103481293,0.05834159255027771,0.09718072414398193,0.43918538093566895,0.2627180814743042,0.07006175816059113,0.24578224122524261,0.0751115083694458,0.06075679883360863,0.08023539185523987,0.12128596007823944,0.09218570590019226,10.502373695373535,5.996423721313477,8.12020206451416,1.6762946844100952,1.4304391145706177,3.2754549980163574,0.8996368050575256,2.8126251697540283,2.202768564224243,2.1876134872436523,0.9394352436065674,1.2964750528335571,2.326676607131958,1.3411670923233032,1.8147512674331665,0.3834376037120819,0.3330971896648407,0.7451120018959045,0.1915537714958191,0.6337016820907593,0.5314400792121887,0.4896359145641327,0.22196732461452484,0.29980602860450745,0.8648104071617126,0.6607767343521118,0.7324293851852417,0.1626170575618744,0.13527734577655792,0.3164970278739929,0.08864066004753113,0.26846566796302795,0.230627179145813,0.20474079251289368,0.10147113353013992,0.1252666711807251,1.2190332412719727,1.075863003730774,1.2292022705078125,0.25779715180397034,0.219701886177063,0.5328166484832764,0.16135375201702118,0.44917088747024536,0.36463579535484314,0.3357829451560974,0.17139482498168945,0.1927787810564041,0.0823708325624466,0.061690475791692734,0.2240844964981079,0.01490612979978323,0.01814289391040802,0.08360335230827332,0.023713694885373116,0.06388027966022491,0.03580844774842262,0.03590645641088486,0.015612789429724216,0.010859144851565361,5.556471824645996,6.9173784255981445,7.010533332824707,6.382352352142334,6.542923450469971,7.1814494132995605,7.446130275726318,7.001758098602295,6.979864597320557,6.630633354187012,7.291352272033691,6.286220073699951
010059,0.10788781195878983,0.05333925411105156,0.07219686359167099,0.4906176030635834,0.383069783449173,0.05702025815844536,0.21083016693592072,0.045218609273433685,0.05809395760297775,0.06077709048986435,0.11769336462020874,0.1755305528640747,10.718775749206543,13.482865333557129,4.695272922515869,0.893650472164154,1.4253350496292114,3.5229978561401367,1.7455443143844604,0.8029426336288452,7.368463039398193,2.7369794845581055,4.555345058441162,3.5505685806274414,2.343600273132324,2.558706045150757,0.928108274936676,0.14915281534194946,0.24886400997638702,0.6945667266845703,0.3119696080684662,0.1276145875453949,1.5754984617233276,0.5075841546058655,0.8951001167297363,0.6964987516403198,1.2479677200317383,1.6900670528411865,0.5769684910774231,0.16431385278701782,0.22018830478191376,0.4422954022884369,0.23672844469547272,0.11706741899251938,0.9444890022277832,0.3669745922088623,0.6843854784965515,0.5097323656082153,2.7486984729766846,3.8133018016815186,1.5763614177703857,0.40625903010368347,0.5610146522521973,1.154896855354309,0.6306470632553101,0.336553156375885,2.1685309410095215,0.9104695320129395,1.6582576036453247,1.227046012878418,0.7473204731941223,0.6050366759300232,0.598426103591919,0.02476290427148342,0.0664035826921463,0.36984726786613464,0.15492647886276245,0.08465893566608429,0.5175430178642273,0.178620845079422,0.285832941532135,0.19801285862922668,10.639649391174316,10.01998233795166,14.247434616088867,12.565608978271484,12.125405311584473,13.232928276062012,13.142918586730957,14.776869773864746,11.367186546325684,11.734333992004395,12.326807022094727,11.69606876373291
010061,0.20221368968486786,0.0771559551358223,0.05851985141634941,0.6214697360992432,0.3823954463005066,0.05887003242969513,0.38729128241539,0.04802923649549484,0.051349565386772156,0.09818749874830246,0.12995345890522003,0.11762683093547821,16.3145751953125,20.135969161987305,8.15516185760498,3.6472036838531494,2.909075975418091,9.788158416748047,2.077329397201538,8.145787239074707,4.8569746017456055,6.999877452850342,4.58364200592041,3.573396682739258,3.785003900527954,4.974344730377197,1.794288158416748,0.851994514465332,0.6700934767723083,2.213362693786621,0.4667798578739166,1.9076199531555176,1.0862679481506348,1.706523060798645,1.0108706951141357,0.7954221367835999,1.799126148223877,3.2667980194091797,0.8715360164642334,0.527546763420105,0.3989207446575165,1.1335797309875488,0.2930019497871399,1.0302233695983887,0.6157803535461426,0.9831481575965881,0.642267644405365,0.47397908568382263,3.2592902183532715,5.449985027313232,1.797211766242981,0.9060245156288147,0.7147663235664368,2.1601550579071045,0.5582301020622253,1.9456440210342407,1.1967003345489502,1.7723612785339355,1.202758550643921,0.8318799734115601,0.6118481159210205,0.2819277346134186,0.4929966330528259,0.048260875046253204,0.050365742295980453,0.4114254117012024,0.06638716161251068,0.33039581775665283,0.19916054606437683,0.19426366686820984,0.12104243040084839,0.05644537881016731,8.401904106140137,9.055087089538574,9.594515800476074,8.486784934997559,8.555825233459473,8.947988510131836,9.523014068603516,9.30629825592041,9.408447265625,9.176711082458496,9.165437698364258,8.201077461242676
010062,0.14267320930957794,0.06978115439414978,0.05462241172790527,0.6733965873718262,0.2948634624481201,0.08219332993030548,0.24696135520935059,0.05393700301647186,0.05723021924495697,0.07979997247457504,0.15886065363883972,0.09259576350450516,52.02960968017578,54.05632781982422,44.222660064697266,8.581934928894043,5.880819797515869,28.706886291503906,6.363953590393066,18.22121238708496,13.354559898376465,11.526884078979492,8.8861665725708,8.3121919631958,12.54411506652832,15.340935707092285,10.98255443572998,2.5809109210968018,1.8049733638763428,7.748157501220703,1.8810728788375854,5.0881667137146,3.726487159729004,3.3051671981811523,2.2664356231689453,2.4103622436523438,4.679690361022949,8.191176414489746,4.526042938232422,1.1574923992156982,0.7524403929710388,3.7426528930664062,0.930287778377533,2.424246311187744,1.7531965970993042,1.543003797531128,1.076192021369934,1.1741275787353516,6.006318092346191,10.700826644897461,6.522382736206055,1.2250053882598877,0.7337393164634705,5.582752704620361,1.1781843900680542,3.3824148178100586,2.330367088317871,1.9664366245269775,1.327754020690918,1.339245080947876,0.2838258743286133,0.45687195658683777,0.5198875665664673,0.04066801816225052,0.02302461862564087,0.34663161635398865,0.050113923847675323,0.1641775369644165,0.10631348192691803,0.08583814650774002,0.056750476360321045,0.048057183623313904,5.588569164276123,7.676202297210693,6.503849506378174,6.561045169830322,6.210334777832031,7.59691858291626,7.4659833908081055,7.376759052276611,7.1279449462890625,7.091224670410156,6.4454498291015625,6.903755187988281
010063,0.13413392007350922,0.07839340716600418,0.04825221747159958,0.6566656827926636,0.41768357157707214,0.0596512071788311,0.3377552926540375,0.04525446519255638,0.04341355338692665,0.1213408038020134,0.24142146110534668,0.10751163214445114,6.197587013244629,12.60867691040039,5.854823589324951,2.1471309661865234,1.842104196548462,5.419320583343506,1.9658948183059692,4.388031005859375,4.667728900909424,4.555457592010498,2.8973066806793213,2.5187509059906006,1.4424816370010376,3.449262857437134,1.252516508102417,0.5208826661109924,0.4627077579498291,1.3033655881881714,0.48567938804626465,1.098713994026184,1.2408102750778198,1.2174112796783447,0.7711671590805054,0.6540710926055908,0.6162809729576111,2.320972442626953,0.52202969789505,0.28461673855781555,0.27574601769447327,0.6447064876556396,0.26729243993759155,0.5713989734649658,0.6811020374298096,0.693486213684082,0.49265965819358826,0.3998802900314331,0.8683204054832458,3.400204658508301,0.9297988414764404,0.3776273727416992,0.3699958324432373,1.0834802389144897,0.40736493468284607,0.9476209282875061,1.0566227436065674,1.0356459617614746,0.7197492122650146,0.5525192022323608,0.04885198920965195,0.15749992430210114,0.22409318387508392,0.01646825484931469,0.016913287341594696,0.16223743557929993,0.037112604826688766,0.12927798926830292,0.08537687361240387,0.051133397966623306,0.03415987268090248,0.024876007810235023,6.124606132507324,9.216480255126953,7.5085320472717285,6.963277816772461,7.597828388214111,8.190826416015625,8.001736640930176,8.563671112060547,8.463436126708984,8.238370895385742,8.713130950927734,8.03751277923584
010064,0.12368953973054886,0.09497425705194473,0.04677167907357216,0.7723786234855652,0.6095075607299805,0.07915124297142029,0.32805123925209045,0.0636010468006134,0.10674641281366348,0.09964913874864578,0.1510462760925293,0.13657546043395996,17.000688552856445,52.11146545410156,14.569059371948242,3.3021388053894043,0.9963183403015137,28.51105499267578,4.827701568603516,18.45382308959961,2.4254071712493896,3.947796583175659,2.5832440853118896,3.552563428878784,4.050819396972656,14.23432445526123,3.380300521850586,0.7880715727806091,0.22981055080890656,7.036118984222412,1.2576292753219604,5.2101359367370605,0.5373928546905518,0.941280722618103,0.6204753518104553,0.8543720841407776,1.8397924900054932,10.172103881835938,1.5453863143920898,0.5859638452529907,0.14897558093070984,3.6643569469451904,0.7917888164520264,3.079420804977417,0.4571630358695984,0.598389208316803,0.47157996892929077,0.7286276817321777,2.617117166519165,15.473257064819336,2.538827419281006,0.7637133598327637,0.12231572717428207,6.133305549621582,1.1877741813659668,5.0707902908325195,0.6303626298904419,0.8423628211021423,0.6422789692878723,0.9949820041656494,0.12750448286533356,0.7164781093597412,0.3721438944339752,0.026550186797976494,0.0005727751995436847,0.7121246457099915,0.05613192543387413,0.4193583130836487,0.023185281082987785,0.03598681464791298,0.024792328476905823,0.03671632334589958,6.422228813171387,9.791573524475098,7.454433441162109,8.120311737060547,5.725995063781738,8.341537475585938,8.595682144165039,9.681154251098633,8.649843215942383,7.736782073974609,8.532844543457031,9.217256546020508
010065,0.14391979575157166,0.05428666993975639,0.06106216832995415,0.41474437713623047,0.30848634243011475,0.05783069133758545,0.24851909279823303,0.05073125287890434,0.049037519842386246,0.05763273686170578,0.13806653022766113,0.11997098475694656,21.532323837280273,38.872222900390625,23.193857192993164,8.003292083740234,2.6806352138519287,21.580263137817383,5.803562164306641,20.26290512084961,7.931975841522217,10.493223190307617,5.9104323387146,4.717028617858887,5.584689140319824,10.842903137207031,5.803046703338623,2.447382926940918,0.7675136923789978,5.936887264251709,1.6663979291915894,5.69816255569458,2.2931504249572754,3.069512367248535,1.6356149911880493,1.431791067123413,2.4661805629730225,5.824104309082031,2.4037368297576904,1.3421732187271118,0.4408266544342041,2.821183681488037,0.8385890126228333,2.772592067718506,1.163961410522461,1.6619341373443604,0.8981754779815674,0.8211169242858887,3.4099271297454834,7.03839635848999,3.3072121143341064,1.5749757289886475,0.412138432264328,4.032537937164307,1.0172053575515747,3.8253118991851807,1.4924365282058716,2.2140886783599854,1.0911859273910522,0.8985581994056702,0.16870258748531342,0.2839495539665222,0.1652906835079193,0.0604897141456604,0.010625911876559258,0.20210345089435577,0.042188145220279694,0.18459713459014893,0.06635139137506485,0.10040120780467987,0.04521096125245094,0.031142937019467354,6.655613899230957,7.286557674407959,6.248680114746094,7.806146144866943,6.776285171508789,7.381932258605957,7.210023880004883,7.461272239685059,7.506344318389893,8.033427238464355,7.374247074127197,7.674968242645264
010066,0.08880602568387985,0.08896056562662125,0.07184148579835892,0.8618313074111938,0.41916555166244507,0.05842538923025131,0.4092731177806854,0.05379568040370941,0.05764995887875557,0.10268815606832504,0.20928625762462616,0.13060928881168365,12.060961723327637,8.454130172729492,4.429243087768555,1.7101449966430664,1.6672946214675903,2.0088722705841064,1.383381724357605,1.2796660661697388,3.291559934616089,3.224496841430664,0.8074817657470703,1.828421711921692,2.7005980014801025,2.097600221633911,0.9911433458328247,0.39035433530807495,0.3855492174625397,0.41763100028038025,0.3220697045326233,0.24508890509605408,0.6799499988555908,0.7771664261817932,0.15310636162757874,0.4476948380470276,1.147883415222168,1.1986181735992432,0.46341392397880554,0.2171725481748581,0.2228952944278717,0.21707090735435486,0.17458230257034302,0.13636207580566406,0.3652895390987396,0.41800227761268616,0.08808388561010361,0.24465340375900269,2.031792640686035,2.0608911514282227,0.9131391048431396,0.3923528790473938,0.41357824206352234,0.47637948393821716,0.33307141065597534,0.3256404399871826,0.7731971144676208,0.7482389807701111,0.18116754293441772,0.4277285933494568,0.4270627796649933,0.22832630574703217,0.23644201457500458,0.05039502680301666,0.056502606719732285,0.137909933924675,0.0619339756667614,0.10121564567089081,0.19070354104042053,0.10979439318180084,0.03814144805073738,0.05653293430805206,7.64801549911499,9.000597953796387,9.071578979492188,8.679211616516113,9.237987518310547,10.161507606506348,9.502344131469727,10.79243278503418,9.705323219299316,8.981998443603516,9.012476921081543,8.93785285949707
010067,0.18460878729820251,0.1379672735929489,0.07034984230995178,0.7608984708786011,0.6155104041099548,0.07755642384290695,0.3359660506248474,0.0632971003651619,0.0847306028008461,0.11899329721927643,0.27548912167549133,0.19722998142242432,18.10390853881836,37.79410171508789,8.797627449035645,3.891645908355713,2.1486918926239014,21.71706771850586,3.305536985397339,8.065134048461914,7.154815673828125,5.819469928741455,3.6904988288879395,4.558089733123779,4.389777183532715,10.233658790588379,2.217905044555664,1.0158945322036743,0.6167397499084473,5.86966609954834,0.913205087184906,2.1371819972991943,1.9801772832870483,1.566548228263855,0.9789486527442932,1.2819817066192627,2.016211748123169,7.0334954261779785,0.9267970323562622,0.6980070471763611,0.39848917722702026,3.197625160217285,0.5678586363792419,1.1609504222869873,1.1662167310714722,0.9502568244934082,0.6364882588386536,0.9518398642539978,2.9021027088165283,10.167353630065918,1.2662546634674072,0.911032497882843,0.4692762494087219,5.259119033813477,0.8062628507614136,1.7323096990585327,1.6991546154022217,1.3542890548706055,0.8419263958930969,1.2732577323913574,0.144346684217453,0.45172274112701416,0.06156478077173233,0.03384008631110191,0.014632746577262878,0.520244836807251,0.035829197615385056,0.08535469323396683,0.07968652248382568,0.061006270349025726,0.03290485218167305,0.049044594168663025,6.591124534606934,9.165719985961914,6.283892631530762,8.326541900634766,8.13476848602295,8.994659423828125,8.642212867736816,7.931774616241455,8.504534721374512,8.352879524230957,8.223206520080566,9.459125518798828
010068,0.20310065150260925,0.09419257193803787,0.06821364909410477,0.685219943523407,0.5731449127197266,0.12926249206066132,0.4158788323402405,0.08045998960733414,0.09862007200717926,0.13189153373241425,0.21207420527935028,0.16651485860347748,14.826472282409668,15.486248016357422,16.185983657836914,2.2810511589050293,1.8558086156845093,10.899894714355469,2.3368117809295654,8.419453620910645,7.413669109344482,4.2490668296813965,2.775416612625122,3.576726198196411,3.420705795288086,3.943856954574585,3.6948776245117188,0.554118812084198,0.4832194149494171,2.6476287841796875,0.5665237903594971,1.9943773746490479,1.9261376857757568,1.0417498350143433,0.7057830095291138,0.9167673587799072,1.5242177248001099,2.317833423614502,1.6716279983520508,0.32135531306266785,0.2268945872783661,1.3861136436462402,0.32253551483154297,1.0805050134658813,1.0233370065689087,0.5500553250312805,0.39079809188842773,0.4929060637950897,2.618206262588501,3.780155658721924,3.178636312484741,0.5256537199020386,0.32271096110343933,2.6902787685394287,0.601754367351532,2.1225287914276123,1.782341718673706,0.9072978496551514,0.6749879121780396,0.7748652100563049,0.43375566601753235,0.19379401206970215,0.7735803127288818,0.026395278051495552,0.015407499857246876,0.5525763630867004,0.08127278834581375,0.39955711364746094,0.23206216096878052,0.06603976339101791,0.05730937793850899,0.03930876404047012,7.620473861694336,8.498401641845703,8.693782806396484,8.117542266845703,6.99045991897583,9.8941068649292,9.504265785217285,9.834054946899414,9.155502319335938,7.935608386993408,8.76813793182373,7.907163143157959
010069,0.12696486711502075,0.10518307238817215,0.05194922536611557,0.5708202123641968,0.49920251965522766,0.05539117753505707,0.24989467859268188,0.035252492874860764,0.05082458257675171,0.06588307023048401,0.1967870444059372,0.13078007102012634,32.683319091796875,45.33124923706055,35.05159378051758,9.660666465759277,5.886887073516846,13.289904594421387,7.47848653793335,15.064258575439453,10.228887557983398,13.790640830993652,8.765028953552246,6.307047367095947,8.973631858825684,14.979218482971191,8.872125625610352,3.2438130378723145,2.0794193744659424,3.8289551734924316,2.4006106853485107,4.071906566619873,3.1256277561187744,4.188854694366455,2.577686071395874,2.133788824081421,3.697197914123535,6.160703182220459,3.628056049346924,1.32233726978302,0.8864579200744629,1.6125065088272095,1.0058683156967163,1.6998720169067383,1.3027116060256958,1.8038544654846191,1.120456576347351,0.8780844211578369,4.875277042388916,6.2283101081848145,5.301109313964844,1.263314962387085,0.79042649269104,2.089961290359497,1.1010879278182983,2.215894937515259,1.5160431861877441,2.1005005836486816,1.4267663955688477,0.7781210541725159,0.23532633483409882,0.21819882094860077,0.5569432377815247,0.0407971628010273,0.02345285750925541,0.09951825439929962,0.04358147457242012,0.1186809092760086,0.06497730314731598,0.08887999504804611,0.23286999762058258,0.023250030353665352,6.535541534423828,6.612130641937256,6.761963844299316,6.499711036682129,6.707861423492432,6.800479888916016,6.775212287902832,6.502377033233643,6.707142353057861,6.787546157836914,7.701695442199707,6.367575645446777
010070,0.1568424105644226,0.08548084646463394,0.06628155708312988,0.8234173059463501,0.49782219529151917,0.07392898201942444,0.41963163018226624,0.048518598079681396,0.0642162561416626,0.11884062737226486,0.25791361927986145,0.11401332914829254,13.915019989013672,14.299201011657715,20.066072463989258,3.2540817260742188,2.95181941986084,10.455498695373535,3.688480854034424,8.128046989440918,6.7229905128479,6.090141296386719,7.6137189865112305,3.929318428039551,3.160475015640259,3.2193517684936523,4.629161834716797,0.7930094599723816,0.7455377578735352,2.4818825721740723,0.8757629990577698,1.896118402481079,1.6392176151275635,1.411462664604187,1.9406073093414307,0.9249398708343506,1.0356320142745972,0.9883561730384827,1.663719892501831,0.21651066839694977,0.22389106452465057,0.8611820340156555,0.27248910069465637,0.6494884490966797,0.5598797798156738,0.420602947473526,0.6069301962852478,0.2729409635066986,1.262239694595337,1.3935208320617676,2.2732229232788086,0.2514360547065735,0.2867240011692047,1.1074553728103638,0.3350332975387573,0.8767339587211609,0.7463517785072327,0.5063678026199341,0.7291771173477173,0.36791008710861206,0.059689417481422424,0.2712620198726654,0.1869771033525467,0.04751523211598396,0.05325409770011902,0.06551530957221985,0.03608930855989456,0.09956188499927521,0.08560755848884583,0.057723090052604675,0.08150292932987213,0.07606241852045059,4.957749843597412,5.626580238342285,5.615902900695801,5.1836934089660645,5.761496543884277,5.397786617279053,5.231584548950195,5.635705471038818,5.781870365142822,5.033344745635986,5.475957870483398,5.633342266082764
010071,0.12881940603256226,0.07402513921260834,0.06671955436468124,0.537826418876648,0.3250073790550232,0.04811897873878479,0.3447608947753906,0.042133647948503494,0.047277551144361496,0.06878720223903656,0.16000840067863464,0.10501479357481003,18.227405548095703,31.654857635498047,22.29536247253418,3.90189790725708,2.9104387760162354,13.023157119750977,3.323535203933716,12.98703384399414,7.377132892608643,7.291707992553711,6.766106128692627,4.564396858215332,4.952509880065918,10.163615226745605,5.625808238983154,1.1981991529464722,0.8964757919311523,3.49092173576355,0.9330703616142273,3.6859359741210938,2.0897529125213623,2.1627614498138428,1.8674455881118774,1.341469645500183,2.370926856994629,5.419107437133789,2.4171204566955566,0.6943371295928955,0.4831579625606537,1.6809521913528442,0.5177952647209167,1.853468418121338,1.0922694206237793,1.1636468172073364,1.0619910955429077,0.7650705575942993,3.518228054046631,6.6773600578308105,3.7128400802612305,0.8263856768608093,0.5402872562408447,2.5320613384246826,0.7153709530830383,2.682556390762329,1.5335801839828491,1.6040551662445068,1.4956499338150024,0.9231458306312561,0.2360861897468567,0.27460381388664246,0.4560343623161316,0.03098977729678154,0.01885778084397316,0.19930049777030945,0.033719372004270554,0.13412289321422577,0.07384086400270462,0.07455237209796906,0.07091406732797623,0.035274963825941086,7.613523960113525,8.19755744934082,7.233678817749023,8.143325805664062,7.570924758911133,7.706005573272705,8.060394287109375,7.8702616691589355,7.901429176330566,8.24748706817627,8.158841133117676,7.849615097045898
010072,0.15860524773597717,0.10244744271039963,0.06822802871465683,0.8664855360984802,0.4604933261871338,0.05795442312955856,0.4053856432437897,0.055950671434402466,0.0781593844294548,0.09175261855125427,0.1888485997915268,0.13254381716251373,12.584054946899414,8.588767051696777,11.299201011657715,2.634812355041504,2.4332377910614014,2.930028200149536,1.4813956022262573,3.9052577018737793,2.532268762588501,3.327183485031128,2.7587950229644775,2.3636858463287354,3.090205192565918,2.2860138416290283,2.732001781463623,0.7008104920387268,0.6712820529937744,0.7360789775848389,0.39474669098854065,0.9885689616203308,0.6583706736564636,0.8703442215919495,0.7009223699569702,0.633603572845459,1.1408443450927734,0.9498874545097351,1.1140804290771484,0.24176500737667084,0.24384155869483948,0.2979644238948822,0.14548803865909576,0.3952322006225586,0.2627573013305664,0.32692113518714905,0.2605552077293396,0.2129688411951065,1.500012755393982,1.1880921125411987,1.7448785305023193,0.26246604323387146,0.2781354486942291,0.44865867495536804,0.17719563841819763,0.5659598112106323,0.367260217666626,0.40932369232177734,0.33372631669044495,0.23632696270942688,0.07335524260997772,0.05265224352478981,0.2509237825870514,0.010396726429462433,0.011516297236084938,0.05987394228577614,0.007986106909811497,0.05414459481835365,0.0375034362077713,0.018810683861374855,0.024673597887158394,0.01001767348498106,5.698533535003662,6.2470502853393555,6.987643241882324,5.388522148132324,5.773914813995361,6.960898399353027,5.836954116821289,6.562204360961914,6.6513848304748535,5.882078647613525,5.924087047576904,5.4170050621032715
010073,0.14838294684886932,0.08478116244077682,0.1345246583223343,0.7809619903564453,0.40565723180770874,0.08727893978357315,0.3777396082878113,0.0725725069642067,0.059163134545087814,0.1477089375257492,0.21228529512882233,0.11631035059690475,10.775195121765137,23.945066452026367,29.50824546813965,5.546856880187988,5.993181228637695,11.431416511535645,3.9251790046691895,13.3391752243042,8.28528881072998,10.993683815002441,8.488118171691895,4.749456405639648,2.56496262550354,6.099612236022949,6.859035015106201,1.3227181434631348,1.5952677726745605,2.6554853916168213,0.9394826292991638,3.3007633686065674,2.0483126640319824,2.8064348697662354,2.0997838973999023,1.1381809711456299,1.0494093894958496,3.121208429336548,2.7526137828826904,0.6156285405158997,0.8438164591789246,1.1666673421859741,0.48113247752189636,1.4571924209594727,0.9681779742240906,1.3918156623840332,1.1216610670089722,0.5379104614257812,1.5103731155395508,4.48066520690918,4.332664966583252,0.8603183031082153,1.15823495388031,1.9416236877441406,0.7786324620246887,2.2462754249572754,1.5205309391021729,2.0611913204193115,1.6784687042236328,0.7761988043785095,0.10481161624193192,0.21252402663230896,0.6362550854682922,0.04015042260289192,0.05175374820828438,0.30170172452926636,0.07737290114164352,0.22783921658992767,0.1451682448387146,0.10326778143644333,0.08258330821990967,0.038327768445014954,6.217324256896973,7.253233909606934,6.752913951873779,6.449379920959473,7.465777397155762,7.393476963043213,7.770907402038574,7.11380672454834,7.4352545738220215,7.272451400756836,7.45482063293457,6.6498212814331055
010074,0.1284244805574417,0.05889420211315155,0.08687721192836761,0.3727295696735382,0.24241040647029877,0.06404297798871994,0.19308806955814362,0.050643190741539,0.0540136992931366,0.06900152564048767,0.18567509949207306,0.09323391318321228,16.451692581176758,9.295083999633789,12.915268898010254,2.063411235809326,1.125269889831543,6.224573135375977,1.2391022443771362,4.827458381652832,3.244359016418457,2.5528993606567383,2.344958782196045,2.039137601852417,3.6257669925689697,2.054206609725952,2.918870449066162,0.5026805996894836,0.27169132232666016,1.463793158531189,0.28981173038482666,1.128891944885254,0.7461737394332886,0.6090052127838135,0.5694903135299683,0.4755978286266327,1.2493222951889038,0.9094923138618469,1.0644259452819824,0.1960764080286026,0.10703304409980774,0.6074622869491577,0.12261676043272018,0.46711552143096924,0.3180457055568695,0.24809503555297852,0.23585155606269836,0.19979871809482574,1.5871676206588745,1.4166696071624756,1.4602258205413818,0.2428450733423233,0.15392594039440155,0.9413002729415894,0.18362504243850708,0.7012964487075806,0.5113019943237305,0.3647536039352417,0.32289814949035645,0.3013700246810913,0.0765567421913147,0.20915357768535614,0.10844038426876068,0.012508446350693703,0.025809762999415398,0.12443993240594864,0.024513153359293938,0.07804463058710098,0.08532829582691193,0.0442233607172966,0.026566453278064728,0.05051683634519577,5.044869899749756,6.8496994972229,5.548094749450684,5.696789264678955,6.6923112869262695,6.804697036743164,6.745586395263672,6.537822246551514,7.143354892730713,6.570839881896973,6.280073642730713,6.9322428703308105
010075,0.10986202210187912,0.10280831903219223,0.04904239997267723,0.42910847067832947,0.7029741406440735,0.1063009724020958,0.23417332768440247,0.06011134758591652,0.06750954687595367,0.11777156591415405,0.20376724004745483,0.1753835827112198,19.210445404052734,29.870113372802734,9.876749038696289,2.6243538856506348,1.9875080585479736,18.679359436035156,3.1359760761260986,8.652252197265625,7.606637477874756,6.74242639541626,4.070891857147217,5.616312026977539,4.246509552001953,7.006397724151611,2.298454761505127,0.5713932514190674,0.44398602843284607,4.2416558265686035,0.7086263298988342,2.10196852684021,1.7189277410507202,1.550079107284546,0.9293769598007202,1.12986421585083,1.8517452478408813,5.276094913482666,1.1927220821380615,0.4178818166255951,0.29096275568008423,2.0905935764312744,0.45369184017181396,1.2269500494003296,0.9031597375869751,0.880511999130249,0.6051047444343567,0.7494113445281982,2.9031856060028076,9.07572078704834,2.3437745571136475,0.6679986119270325,0.4393940269947052,3.6055519580841064,0.7634871602058411,2.1606476306915283,1.4756344556808472,1.4255963563919067,0.971220850944519,1.2121974229812622,0.2808050513267517,0.45083746314048767,0.5318002104759216,0.029054244980216026,0.018568076193332672,0.46352559328079224,0.038570862263441086,0.21401658654212952,0.11576760560274124,0.07153665274381638,0.04546092078089714,0.056170783936977386,6.508337497711182,9.674422264099121,9.764222145080566,8.463417053222656,7.775866985321045,7.760377883911133,8.302457809448242,8.986472129821777,7.422840595245361,7.625197887420654,8.196980476379395,7.534316062927246
010076,0.11466462910175323,0.06079757958650589,0.06500624865293503,0.8032954335212708,0.26464492082595825,0.06967005878686905,0.33482569456100464,0.05353371053934097,0.04659315198659897,0.062834732234478,0.1903325319290161,0.1505337953567505,32.0941276550293,28.49847412109375,16.39447784423828,4.268778324127197,2.7838921546936035,8.979212760925293,2.7902474403381348,8.065267562866211,5.738834381103516,7.003096103668213,6.975574493408203,5.159847736358643,8.204587936401367,7.252252578735352,3.8011674880981445,1.125378131866455,0.688589870929718,2.102752208709717,0.7351880669593811,1.8059393167495728,1.4073880910873413,1.7578387260437012,1.7124370336532593,1.4294766187667847,3.2006447315216064,3.2756621837615967,1.5347990989685059,0.48695865273475647,0.28897416591644287,0.9873975515365601,0.3269141614437103,0.8291172981262207,0.614276111125946,0.7422906160354614,0.8422342538833618,0.5382295846939087,4.375451564788818,5.122427940368652,2.4940855503082275,0.7235161066055298,0.4469718039035797,1.8386973142623901,0.509818434715271,1.4910908937454224,1.0088374614715576,1.11354660987854,1.485177993774414,0.7113065123558044,0.21744556725025177,0.25982704758644104,0.4075971841812134,0.03447941690683365,0.023722093552350998,0.3402954339981079,0.030143605545163155,0.2324220836162567,0.09891531616449356,0.06325782835483551,0.1241198480129242,0.03201538324356079,6.133419036865234,7.050809383392334,6.9754638671875,6.872314453125,6.604826927185059,8.51467227935791,7.233186721801758,7.713343143463135,7.226024627685547,6.625190734863281,7.970893859863281,6.258482933044434
010079,0.11679287254810333,0.0800958126783371,0.04584231972694397,0.6459605693817139,0.3328343331813812,0.06153018772602081,0.2836959958076477,0.05294004827737808,0.04350217059254646,0.07184834778308868,0.16111326217651367,0.1273600459098816,16.53429412841797,11.004402160644531,4.717714309692383,2.9518909454345703,1.875091791152954,3.9505951404571533,1.6885191202163696,2.660769462585449,3.468947410583496,4.7422776222229,2.232908010482788,2.4887278079986572,3.6729230880737305,2.357840061187744,0.9813223481178284,0.6612008810043335,0.40591058135032654,0.849952220916748,0.3717385530471802,0.5717197060585022,0.7589089870452881,1.1238871812820435,0.49290719628334045,0.5230736136436462,1.739616870880127,1.4381412267684937,0.38458114862442017,0.41722241044044495,0.2626084089279175,0.40276244282722473,0.23479922115802765,0.3111047148704529,0.40563490986824036,0.6554080843925476,0.3109588623046875,0.31885138154029846,3.529977798461914,2.8979759216308594,0.6576129794120789,0.835759162902832,0.5252682566642761,0.7937005758285522,0.5067429542541504,0.6706985831260681,0.8212536573410034,1.283853530883789,0.6241664290428162,0.6807925701141357,0.9157193899154663,0.42651715874671936,0.1388036459684372,0.1022370308637619,0.0588233508169651,0.182882159948349,0.09060715138912201,0.17045174539089203,0.1573968231678009,0.18854334950447083,0.09414543211460114,0.10642527043819427,9.276510238647461,9.583574295043945,6.745395183563232,9.879646301269531,9.65105152130127,8.642102241516113,10.902812957763672,10.32258129119873,9.334853172302246,9.914735794067383,10.086298942565918,9.904444694519043
010080,0.10652858763933182,0.05459173396229744,0.07787235081195831,0.7447487711906433,0.6055270433425903,0.07108810544013977,0.2569538950920105,0.04852226376533508,0.0606241412460804,0.09127248078584671,0.21063503623008728,0.14524175226688385,17.35833740234375,14.250819206237793,13.256207466125488,2.591531753540039,1.996075987815857,5.218432426452637,1.2600806951522827,4.768754482269287,2.9248640537261963,4.643015384674072,2.5454821586608887,2.1537842750549316,4.137131690979004,3.628556489944458,2.9614245891571045,0.6296799182891846,0.520481526851654,1.2512413263320923,0.305077463388443,1.1095733642578125,0.7861584424972534,1.0941412448883057,0.5829392075538635,0.5496297478675842,1.6411129236221313,1.969368815422058,1.2677921056747437,0.32302433252334595,0.2749118208885193,0.6159462928771973,0.17459025979042053,0.5613559484481812,0.42804422974586487,0.6147493124008179,0.32599785923957825,0.2906873822212219,2.315553665161133,2.916562795639038,2.353410243988037,0.47141599655151367,0.4171067476272583,1.1597727537155151,0.32564452290534973,1.0620776414871216,0.7331169843673706,1.0921257734298706,0.5707281231880188,0.4511597454547882,0.1562740057706833,0.2081773728132248,0.5956770777702332,0.032779380679130554,0.04377354308962822,0.26704734563827515,0.0668361559510231,0.23989783227443695,0.11000294983386993,0.17392408847808838,0.0952216163277626,0.05640618875622749,6.056906700134277,7.8292927742004395,8.184764862060547,7.232685565948486,8.242095947265625,9.417176246643066,10.252828598022461,9.352840423583984,9.676185607910156,9.154712677001953,8.905476570129395,8.374550819396973
010081,0.1866796761751175,0.07619645446538925,0.06179073080420494,0.7782893180847168,0.5184483528137207,0.05729049816727638,0.3045864403247833,0.04299097880721092,0.04461850970983505,0.06407161802053452,0.2596968710422516,0.10660021752119064,23.187110900878906,23.070451736450195,19.27998161315918,2.8716561794281006,2.592750072479248,5.704370975494385,2.393965721130371,5.47681188583374,3.97511887550354,4.838114261627197,4.060061454772949,3.9470276832580566,4.885751724243164,4.556719779968262,4.260781288146973,0.561762273311615,0.5428684949874878,1.2405502796173096,0.40986359119415283,1.2752678394317627,0.7358318567276001,1.011063575744629,0.7826891541481018,0.7317467331886292,1.9017871618270874,2.2099897861480713,1.9895858764648438,0.3317130506038666,0.3436601161956787,0.7462621331214905,0.2216193526983261,0.6985774040222168,0.5064576268196106,0.5841230154037476,0.4991740882396698,0.4178788363933563,3.0292232036590576,3.8987574577331543,4.0051398277282715,0.6029381155967712,0.7055507898330688,1.6917306184768677,0.49611058831214905,1.3884141445159912,1.2904675006866455,1.1349457502365112,1.1158510446548462,0.8129897713661194,0.4568237066268921,0.5034278035163879,1.07707679271698,0.04194481670856476,0.10069072246551514,0.4571249186992645,0.11798884719610214,0.2756257653236389,0.39432230591773987,0.17020964622497559,0.228681281208992,0.1107887551188469,6.226261138916016,6.995023250579834,9.176697731018066,7.532711505889893,9.752284049987793,11.827425956726074,8.609469413757324,9.954813957214355,12.901907920837402,8.865616798400879,10.346957206726074,7.892205238342285
010083,0.15839575231075287,0.07327670603990555,0.07725869119167328,0.49660325050354004,0.30056360363960266,0.06246054172515869,0.27948832511901855,0.058410149067640305,0.06767407059669495,0.07559960335493088,0.15159647166728973,0.11136309802532196,24.24555015563965,16.63907241821289,14.186058044433594,3.8720381259918213,2.360725164413452,9.18056583404541,2.613847494125366,6.447437763214111,4.276550769805908,6.055169582366943,3.9453842639923096,3.18084716796875,5.446228981018066,3.9620919227600098,3.0663740634918213,0.9053906202316284,0.5573554635047913,2.133094072341919,0.6196119785308838,1.553170084953308,1.011338710784912,1.4241400957107544,0.9216655492782593,0.7222894430160522,2.262056827545166,2.5634663105010986,1.2148160934448242,0.5603009462356567,0.3332776725292206,1.0879656076431274,0.3399960994720459,0.9009488224983215,0.5527993440628052,0.826385498046875,0.5677631497383118,0.4076823592185974,3.589519500732422,4.193775177001953,1.986958622932434,0.8998405933380127,0.5352910161018372,1.9941895008087158,0.5749143362045288,1.654824137687683,0.9560825824737549,1.415079951286316,0.953511118888855,0.6513760089874268,0.46822595596313477,0.2116287648677826,0.34689363837242126,0.04479143023490906,0.0290120467543602,0.35202744603157043,0.05564601346850395,0.24602364003658295,0.10954101383686066,0.1309935599565506,0.07346630841493607,0.037602514028549194,6.6451334953308105,8.583924293518066,6.624444484710693,8.12729263305664,8.058184623718262,8.78475570678711,8.242815971374512,9.623262405395508,8.469326972961426,8.519418716430664,8.571282386779785,7.542022705078125
010084,0.1561436653137207,0.07699435204267502,0.09413681924343109,0.748701274394989,0.5093605518341064,0.09118939191102982,0.28561416268348694,0.071636863052845,0.0675235390663147,0.0616503469645977,0.2535020411014557,0.10423869639635086,57.415611267089844,127.27942657470703,56.81303024291992,12.769170761108398,13.123000144958496,66.09526062011719,16.38603401184082,43.49491500854492,33.87849426269531,34.94370651245117,24.87790298461914,15.986748695373535,16.58620834350586,39.96100616455078,15.401455879211426,4.668926239013672,4.862135410308838,18.96124839782715,5.422115802764893,13.580751419067383,10.764200210571289,11.173388481140137,8.242773056030273,5.496034145355225,7.480531215667725,20.06122398376465,6.944675922393799,2.3621280193328857,2.4341678619384766,9.120296478271484,2.744683265686035,6.691141128540039,5.357194900512695,5.597321510314941,4.416905879974365,2.952770233154297,10.246065139770508,24.05039405822754,10.358627319335938,2.212956190109253,2.2541024684906006,13.164970397949219,3.3800201416015625,9.242374420166016,7.064200401306152,7.058556079864502,5.157633304595947,3.1247167587280273,0.49972477555274963,0.9535131454467773,0.933233916759491,0.054481588304042816,0.05784911289811134,0.6626416444778442,0.1413251906633377,0.4445424973964691,0.32186776399612427,0.3036879003047943,0.19704550504684448,0.09960006177425385,7.272159576416016,7.645908355712891,7.518665313720703,7.624479293823242,7.63882303237915,7.720759868621826,8.143595695495605,8.168630599975586,8.11068058013916,7.981338024139404,8.181506156921387,7.986450672149658
010086,0.11266350001096725,0.0592644177377224,0.052517104893922806,0.47463077306747437,0.6498139500617981,0.05605856701731682,0.19310541450977325,0.04681446775794029,0.06872692704200745,0.053087253123521805,0.09088249504566193,0.10036128759384155,25.64631462097168,38.07556915283203,32.98238754272461,2.7418344020843506,3.5008034706115723,2.105525493621826,3.542372465133667,1.806517481803894,15.072222709655762,8.243728637695312,4.739887714385986,7.715048313140869,6.643930435180664,8.544502258300781,7.505441188812256,0.5852006673812866,0.6591935157775879,0.2614445388317108,0.7580069303512573,0.3850589394569397,2.9390482902526855,1.5476995706558228,0.9740753769874573,1.75782310962677,3.381269693374634,5.295526027679443,3.7927215099334717,0.5213378667831421,0.49321725964546204,0.2097901701927185,0.5008967518806458,0.30453550815582275,1.4670147895812988,0.955763041973114,0.6750139594078064,1.0969640016555786,5.716044902801514,9.573127746582031,7.771591663360596,0.9215486645698547,1.0129423141479492,0.6272603273391724,0.9532714486122131,0.6346701383590698,3.0861053466796875,2.1312341690063477,1.3856958150863647,1.8389382362365723,0.711397647857666,1.5653705596923828,2.0824711322784424,0.04614777863025665,0.13555866479873657,0.2323986291885376,0.11698209494352341,0.08204058557748795,0.8529512882232666,0.5584797859191895,0.23312509059906006,0.12244818359613419,8.670387268066406,9.554153442382812,10.047954559326172,10.282793998718262,9.963519096374512,12.408706665039062,9.51070785522461,11.588554382324219,8.989720344543457,10.43439769744873,10.524271965026855,8.364909172058105
010088,0.13637129962444305,0.041266996413469315,0.06382952630519867,0.4569942355155945,0.23384027183055878,0.03858952224254608,0.243245929479599,0.03532026335597038,0.03651169314980507,0.04220643267035484,0.11874005198478699,0.057842254638671875,6.170616626739502,4.00109338760376,3.8024203777313232,0.6201333999633789,0.7115978598594666,1.8136546611785889,0.6640296578407288,0.9985815286636353,1.283647894859314,1.5546914339065552,1.183303713798523,0.508683979511261,1.219369649887085,0.48951256275177,0.7736487984657288,0.08707022666931152,0.10163933038711548,0.2990359663963318,0.08284951746463776,0.18439583480358124,0.1631346493959427,0.24129663407802582,0.17983286082744598,0.09099143743515015,0.5107176899909973,0.2775912880897522,0.33686625957489014,0.05396789684891701,0.05482868477702141,0.16733162105083466,0.05597217008471489,0.09263557195663452,0.1215280219912529,0.13705027103424072,0.10643721371889114,0.04997499659657478,1.0980912446975708,1.1248364448547363,0.721983790397644,0.1926431953907013,0.19766788184642792,0.5215453505516052,0.22346384823322296,0.2416040003299713,0.4818292260169983,0.4487862288951874,0.35025590658187866,0.14276863634586334,0.36784929037094116,0.6012715697288513,0.2371114045381546,0.07959415018558502,0.0858837142586708,0.2420823723077774,0.10998911410570145,0.08992211520671844,0.24780195951461792,0.20341844856739044,0.1396792232990265,0.04040006920695305,8.577251434326172,13.54286003112793,8.954504013061523,13.400740623474121,12.48079776763916,13.316461563110352,15.224081993103027,10.901390075683594,17.0485782623291,13.170785903930664,12.803110122680664,11.203301429748535
010090,0.09188143908977509,0.07144360989332199,0.06718533486127853,0.745266854763031,0.2903941571712494,0.06313280016183853,0.4577064514160156,0.06082351505756378,0.05233156681060791,0.0387335903942585,0.18564069271087646,0.08898676931858063,55.53754806518555,36.18058776855469,32.08855438232422,7.360157012939453,5.1573591232299805,16.337873458862305,5.7562127113342285,12.573897361755371,12.435779571533203,9.375995635986328,7.308944225311279,7.205966949462891,14.223108291625977,8.902313232421875,7.413890838623047,1.829820156097412,1.0718345642089844,4.05021333694458,1.430640697479248,2.988746404647827,3.034844160079956,2.2030680179595947,1.6621627807617188,1.6663345098495483,5.758542537689209,4.5383806228637695,3.378854274749756,1.040910005569458,0.6119206547737122,2.213667631149292,0.7669880986213684,1.6874055862426758,1.5303702354431152,1.2739551067352295,1.0450153350830078,0.8905460834503174,8.097871780395508,7.001465797424316,6.1963629722595215,1.6798979043960571,1.0573992729187012,4.225108623504639,1.280727744102478,3.0453314781188965,2.5686721801757812,2.3238792419433594,1.8792253732681274,1.4695541858673096,0.40905389189720154,0.3412572145462036,1.3006365299224854,0.0820171982049942,0.05345820263028145,0.7544769644737244,0.07704897224903107,0.3723830580711365,0.21275754272937775,0.2120961844921112,0.09962015599012375,0.07327030599117279,6.350479602813721,7.323146343231201,8.373059272766113,8.100074768066406,7.334987640380859,9.992096900939941,8.05197525024414,8.983789443969727,7.844202041625977,8.805578231811523,8.604453086853027,7.45963716506958
010091,0.10233217477798462,0.13177840411663055,0.03977305814623833,0.48534998297691345,0.30595141649246216,0.06815541535615921,0.0894191786646843,0.051668573170900345,0.08222442120313644,0.12585029006004333,0.11298311501741409,0.1647196114063263,14.284337043762207,18.294330596923828,6.184446334838867,2.5829098224639893,1.7910081148147583,6.276635646820068,3.2683870792388916,6.348766326904297,6.573607444763184,4.038801670074463,3.3530139923095703,2.714801073074341,3.1276626586914062,3.153834819793701,1.413108468055725,0.6177675724029541,0.39571884274482727,1.387542963027954,0.6032324433326721,1.2741116285324097,1.0454765558242798,0.8972762823104858,0.5461522340774536,0.5235369801521301,1.627819538116455,2.191969394683838,0.7055944204330444,0.40359315276145935,0.2581607699394226,0.7985532879829407,0.39946120977401733,0.7753168344497681,0.7602112889289856,0.5539889335632324,0.38849928975105286,0.3651840090751648,3.6003072261810303,6.088359832763672,1.4906939268112183,0.752368152141571,0.48413392901420593,1.814561128616333,1.0590370893478394,1.9617631435394287,2.4327471256256104,1.1554698944091797,1.1334083080291748,0.853302538394928,1.1265840530395508,2.4330272674560547,0.439878910779953,0.11724895238876343,0.079335056245327,0.5548408031463623,0.3907914161682129,0.714795708656311,1.0904446840286255,0.27825284004211426,0.43705445528030396,0.2336355745792389,10.91350269317627,14.278786659240723,10.462406158447266,10.611706733703613,10.04344654083252,12.022095680236816,13.66360092163086,13.200370788574219,16.144817352294922,11.256763458251953,14.203350067138672,12.284133911132812
010094,0.08616606891155243,0.08085931092500687,0.053875744342803955,0.5084112286567688,0.5856279730796814,0.06497178226709366,0.2806362509727478,0.06237395480275154,0.08413182944059372,0.085227370262146,0.2632189393043518,0.06552769988775253,10.523573875427246,9.494166374206543,5.165528297424316,1.0779063701629639,1.4366904497146606,4.536151885986328,1.3979754447937012,3.799999475479126,4.236367702484131,2.839236259460449,1.6459087133407593,2.3009772300720215,2.327468156814575,1.9300516843795776,1.1132738590240479,0.22413891553878784,0.30460500717163086,0.9557826519012451,0.29612997174263,0.8144153952598572,0.861984133720398,0.6114697456359863,0.3548281192779541,0.47887519001960754,1.0019224882125854,1.1037335395812988,0.46369504928588867,0.15398910641670227,0.18777227401733398,0.4459214210510254,0.156953826546669,0.3876641094684601,0.37940701842308044,0.3582206070423126,0.19240868091583252,0.23369593918323517,1.732818841934204,2.032928943634033,0.8306543231010437,0.2888707220554352,0.3346075117588043,0.8792703747749329,0.2973669767379761,0.7517117261886597,0.6887801885604858,0.6844432353973389,0.39603251218795776,0.4052284061908722,0.30038902163505554,0.20991426706314087,0.1827647089958191,0.015764130279421806,0.02878858707845211,0.20414109528064728,0.04461940377950668,0.15587133169174194,0.1266615241765976,0.09627840667963028,0.07683241367340088,0.04042606055736542,7.295586109161377,7.921969413757324,7.440810203552246,8.740330696105957,8.290727615356445,8.423903465270996,8.314268112182617,8.37512493133545,7.19357442855835,8.980056762695312,9.439240455627441,7.030098915100098
010126,0.14757491648197174,0.05638231709599495,0.0887494757771492,0.8079485893249512,0.3014012277126312,0.06756076961755753,0.31388184428215027,0.0631549134850502,0.06046418473124504,0.06553253531455994,0.19343985617160797,0.22211243212223053,51.783905029296875,39.319000244140625,16.28687286376953,6.7652692794799805,4.3111572265625,19.820812225341797,8.156638145446777,13.992828369140625,17.035343170166016,15.82724380493164,10.807697296142578,9.37729263305664,13.570286750793457,11.277764320373535,4.074005603790283,1.9246647357940674,1.2489813566207886,5.565818786621094,2.3428447246551514,3.9990081787109375,4.872512340545654,4.476151943206787,3.0314528942108154,2.732196092605591,6.469661712646484,6.732639789581299,1.8506202697753906,1.2649056911468506,0.8086695671081543,2.911780595779419,1.347412347793579,2.1200668811798096,2.6660544872283936,2.579409122467041,1.8948432207107544,1.6677045822143555,9.887967109680176,8.765494346618652,2.860464572906494,1.5270789861679077,0.8947087526321411,4.4968037605285645,1.83322274684906,3.0665524005889893,3.872997283935547,3.6135618686676025,2.5036776065826416,2.0276191234588623,0.848469078540802,0.36985093355178833,0.32407861948013306,0.054988738149404526,0.02831551618874073,0.35661017894744873,0.08268962055444717,0.15150128304958344,0.1910822093486786,0.1667470782995224,0.10535608232021332,0.07666362822055817,7.636915683746338,8.262468338012695,7.388068199157715,8.318778038024902,7.975199222564697,8.54216194152832,8.305937767028809,8.166889190673828,8.354592323303223,8.350566864013672,8.42482852935791,8.15580940246582
010134,0.13815376162528992,0.083869069814682,0.10809920728206635,0.9328307509422302,0.5460376739501953,0.05910598486661911,0.3597451150417328,0.051344987004995346,0.07268521934747696,0.07121575623750687,0.14871951937675476,0.11567225307226181,13.669811248779297,35.64393997192383,12.975530624389648,2.528043508529663,2.9154937267303467,7.821436405181885,2.606731414794922,3.757523775100708,11.512908935546875,9.445246696472168,4.405116081237793,3.124570846557617,2.719656467437744,5.880308151245117,2.610307216644287,0.5254892706871033,0.5369367599487305,1.5986483097076416,0.45248615741729736,0.8100414276123047,2.1417665481567383,1.7175778150558472,0.8060217499732971,0.604951798915863,0.9709821939468384,1.189544439315796,0.8749514818191528,0.18919172883033752,0.14299017190933228,0.5595321655273438,0.14017778635025024,0.39089229702949524,0.5904343724250793,0.3920048475265503,0.29901328682899475,0.2161291539669037,1.5688482522964478,1.385239601135254,1.2714266777038574,0.3586569130420685,0.2554154098033905,0.8816836476325989,0.2787099778652191,0.8581339120864868,0.8387259840965271,0.4399638772010803,0.6363735795021057,0.4681113660335541,0.3003281056880951,0.22890588641166687,0.18124569952487946,0.08413771539926529,0.07271724939346313,0.1439773440361023,0.08496952056884766,0.24366484582424164,0.17014335095882416,0.05954423174262047,0.17611868679523468,0.14224152266979218,5.918764114379883,3.619614601135254,5.29967737197876,6.933394432067871,5.404103755950928,5.777872562408447,6.00115966796875,9.881672859191895,4.737305164337158,3.8748559951782227,7.077603340148926,7.457630634307861
010136,0.14687736332416534,0.07119137793779373,0.08072396367788315,0.49924442172050476,0.425833135843277,0.07781307399272919,0.31775596737861633,0.04401120916008949,0.08641275763511658,0.09137380123138428,0.21578837931156158,0.12331965565681458,10.27133560180664,5.133562088012695,7.112781524658203,1.6533100605010986,1.4068328142166138,3.892437696456909,1.2941694259643555,2.4452710151672363,2.186389446258545,2.237752914428711,1.392741322517395,1.7730263471603394,2.4950883388519287,1.3712756633758545,1.66291081905365,0.4431428909301758,0.3867282271385193,0.8733174204826355,0.32859039306640625,0.5499957203865051,0.49296486377716064,0.5527986288070679,0.36850783228874207,0.4248438775539398,0.8982765078544617,0.4774169921875,0.6300895810127258,0.14718562364578247,0.12747474014759064,0.31102296710014343,0.12160594761371613,0.20703284442424774,0.18206080794334412,0.1909470111131668,0.13799728453159332,0.12917645275592804,1.1590535640716553,0.55940842628479,0.9342086315155029,0.1776975840330124,0.15051710605621338,0.45217016339302063,0.17381402850151062,0.3436967432498932,0.2986268401145935,0.240376815199852,0.19701829552650452,0.14941617846488953,0.05639176070690155,0.033799830824136734,0.12119459360837936,0.020070014521479607,0.017934957519173622,0.06811259686946869,0.02813616953790188,0.07873792201280594,0.07046561688184738,0.020755521953105927,0.03376089036464691,0.020537789911031723,5.542487621307373,5.663451194763184,6.283568859100342,5.855252265930176,5.906641483306885,5.941545486450195,6.654007434844971,6.982029914855957,6.908347129821777,5.6102776527404785,6.962675094604492,5.193836212158203
010137,0.1296205222606659,0.0634646937251091,0.06956783682107925,0.6912550926208496,0.2899540960788727,0.06286021322011948,0.431844562292099,0.06833305209875107,0.05007066950201988,0.08473192155361176,0.12771496176719666,0.09874676913022995,16.73642921447754,13.083614349365234,15.797262191772461,2.282287836074829,1.894440770149231,4.874686241149902,1.8592246770858765,2.550544261932373,6.077168941497803,4.88982629776001,3.682710647583008,3.068190813064575,3.717215061187744,2.944960594177246,3.4314000606536865,0.512603223323822,0.4776419699192047,1.1437464952468872,0.4045525789260864,0.5464388728141785,1.2651994228363037,1.0924450159072876,0.8242499232292175,0.659445583820343,1.6187409162521362,1.6382192373275757,1.5758684873580933,0.27682504057884216,0.2793120741844177,0.5877169966697693,0.23866356909275055,0.31380099058151245,0.7011594176292419,0.5947651267051697,0.4872782826423645,0.35726484656333923,2.9305827617645264,3.0881874561309814,3.264009952545166,0.4556899070739746,0.4531059265136719,1.129377007484436,0.4798707962036133,0.6710049510002136,1.589141845703125,1.1351113319396973,0.9006554484367371,0.6454901695251465,0.6365343332290649,0.5854059457778931,0.9844858050346375,0.040870897471904755,0.034223802387714386,0.23951467871665955,0.09803927689790726,0.172958642244339,0.45050475001335144,0.21922990679740906,0.140133798122406,0.0934375524520874,7.868502616882324,9.368719100952148,9.37466812133789,7.64863395690918,8.623361587524414,9.492027282714844,10.0541353225708,10.692319869995117,10.847460746765137,9.277915000915527,9.282208442687988,8.25981616973877
010138,0.10320086032152176,0.08046717196702957,0.05349796637892723,0.6215130686759949,0.6174049973487854,0.05632919445633888,0.2917214632034302,0.05813806131482124,0.04732690379023552,0.12095006555318832,0.1281864047050476,0.1533808559179306,30.548004150390625,24.066251754760742,23.252994537353516,4.521113395690918,3.9895217418670654,12.953660011291504,4.115834712982178,9.225251197814941,8.681920051574707,6.356733798980713,6.402538299560547,5.7624382972717285,6.832698345184326,5.143710136413574,5.210397243499756,1.1075468063354492,1.0107550621032715,3.156261920928955,0.9736412167549133,2.2001872062683105,2.2612791061401367,1.5446668863296509,1.618523359298706,1.4572405815124512,2.7344088554382324,2.737032175064087,2.141458034515381,0.5600920915603638,0.49432799220085144,1.389677882194519,0.4517010450363159,0.9903222322463989,1.0322235822677612,0.7808105945587158,0.7423269152641296,0.6588097810745239,4.116944313049316,4.5405755043029785,3.66184663772583,0.8728893399238586,0.7533441185951233,2.2656497955322266,0.7167163491249084,1.655872106552124,1.5920331478118896,1.2696454524993896,1.1210578680038452,0.9580358862876892,0.3992043435573578,0.289520263671875,0.7166128158569336,0.04415402561426163,0.03800903260707855,0.3075244724750519,0.060133762657642365,0.23390734195709229,0.12651468813419342,0.09893056005239487,0.06346111744642258,0.047108422964811325,6.1391754150390625,7.111273288726807,7.257417678833008,7.323422908782959,7.284892559051514,7.462983131408691,7.063920974731445,7.581492900848389,7.39564847946167,7.65265417098999,7.011596202850342,6.777710914611816
010141,0.13117212057113647,0.10990869253873825,0.04537321254611015,0.734686017036438,0.5006325840950012,0.06711062043905258,0.2763949930667877,0.0494256392121315,0.1119404062628746,0.10857321321964264,0.25054731965065,0.24416008591651917,19.665664672851562,13.9679594039917,20.387651443481445,3.7852323055267334,2.6310906410217285,8.939629554748535,2.9847700595855713,8.734556198120117,5.2652153968811035,4.654942989349365,3.2835826873779297,3.2749218940734863,4.331712245941162,3.002639055252075,4.673062324523926,0.8513539433479309,0.5578382611274719,2.0052528381347656,0.634735107421875,1.917945384979248,1.1758742332458496,0.9994564056396484,0.6556766033172607,0.7115069031715393,1.828120231628418,1.6966067552566528,1.8316689729690552,0.3951621353626251,0.24309730529785156,0.9139291644096375,0.3265725374221802,0.8255650401115417,0.6033802032470703,0.4450700879096985,0.2972329556941986,0.34701645374298096,3.397839307785034,3.4982924461364746,2.8579161167144775,0.7117997407913208,0.4584074914455414,1.706282377243042,0.7030639052391052,1.441858172416687,1.246890664100647,0.8115801215171814,0.5689375996589661,0.6723628640174866,0.7868067026138306,0.5056062340736389,0.3971790671348572,0.0715421736240387,0.05473390966653824,0.3435756266117096,0.15195776522159576,0.23160187900066376,0.2646511495113373,0.1112314984202385,0.08161848783493042,0.0839693620800972,7.8797478675842285,9.223849296569824,6.520346641540527,7.4102888107299805,7.120884418487549,8.204323768615723,9.476601600646973,7.215795040130615,9.549068450927734,7.263688087463379,7.181478977203369,7.9568705558776855
010142,0.10877605527639389,0.06959780305624008,0.04918861389160156,0.4158235490322113,0.2581343650817871,0.05559323728084564,0.1808795928955078,0.03809252008795738,0.05276792496442795,0.058650899678468704,0.09004668891429901,0.1442323476076126,8.930020332336426,4.98738431930542,5.271665573120117,1.4696826934814453,0.9755829572677612,1.237945556640625,0.7147610783576965,0.9130898714065552,2.407160997390747,2.1324167251586914,1.326874017715454,1.617391586303711,2.0644218921661377,1.200889229774475,1.158887267112732,0.33698534965515137,0.23079867660999298,0.22583535313606262,0.15167376399040222,0.1637883484363556,0.49177128076553345,0.5079450011253357,0.2648812234401703,0.38587769865989685,0.8349856734275818,0.5582664608955383,0.4445391595363617,0.1374235600233078,0.10660182684659958,0.09980948269367218,0.06835569441318512,0.08596161007881165,0.2110031247138977,0.226618692278862,0.11540919542312622,0.16424311697483063,1.3140201568603516,0.8974644541740417,0.7127906084060669,0.20620527863502502,0.1696595549583435,0.2293562889099121,0.133102685213089,0.22801759839057922,0.41878220438957214,0.3759267032146454,0.2358432114124298,0.26342716813087463,0.19180308282375336,0.12669622898101807,0.12638552486896515,0.024814236909151077,0.021532822400331497,0.08316071331501007,0.03669446334242821,0.0917021855711937,0.12090638279914856,0.05931132659316063,0.06829269975423813,0.04605342075228691,6.7505388259887695,7.625575542449951,6.533252716064453,6.445160388946533,7.3598480224609375,8.914803504943848,8.539193153381348,11.423537254333496,8.194270133972168,7.620017051696777,8.290109634399414,7.389407634735107
010146,0.1373807042837143,0.058374397456645966,0.06333442777395248,0.8698437213897705,0.3486429452896118,0.04750564321875572,0.3143456280231476,0.04596182703971863,0.06549360603094101,0.0778757855296135,0.23571963608264923,0.10951607674360275,13.886177062988281,10.570765495300293,10.56326961517334,1.6927731037139893,1.8272417783737183,3.0167040824890137,1.3193351030349731,2.264747381210327,3.2395124435424805,2.87447452545166,2.7181642055511475,2.026414394378662,2.9638051986694336,2.131889581680298,2.2267343997955322,0.358999103307724,0.35374894738197327,0.5985944867134094,0.2463945597410202,0.4584132432937622,0.6062538027763367,0.5608577132225037,0.4733560383319855,0.36506789922714233,1.2171372175216675,1.1483112573623657,1.0321928262710571,0.21439826488494873,0.2161649614572525,0.3530416488647461,0.14995771646499634,0.2809375822544098,0.3380873203277588,0.3348284065723419,0.2968679964542389,0.2094195932149887,2.1663296222686768,2.4805500507354736,2.2163915634155273,0.4665912687778473,0.516366720199585,0.8961927890777588,0.3852441906929016,0.6828168034553528,0.8488808870315552,0.7978963851928711,0.7534660696983337,0.5036000609397888,0.468735009431839,0.5933012366294861,0.7014081478118896,0.08088835328817368,0.1165076419711113,0.3014160990715027,0.11260000616312027,0.19751453399658203,0.2700057625770569,0.203836128115654,0.19440387189388275,0.12331672012805939,7.2732462882995605,9.601827621459961,9.549549102783203,10.158726692199707,10.781621932983398,12.455419540405273,11.730944633483887,12.08875846862793,11.066688537597656,10.955351829528809,10.828763961791992,9.916369438171387
010148,0.13076704740524292,0.06943340599536896,0.06321398168802261,0.596839427947998,0.2780218720436096,0.0481066033244133,0.22361570596694946,0.04817378520965576,0.04847431927919388,0.11638230830430984,0.16815486550331116,0.1535317450761795,19.571422576904297,16.413246154785156,14.537309646606445,2.2910561561584473,2.3830368518829346,6.510016918182373,1.4598733186721802,4.871546745300293,4.915039539337158,3.3625035285949707,2.3232719898223877,3.3564751148223877,4.963973045349121,3.891873836517334,3.21181321144104,0.61030113697052,0.5212441086769104,1.4232935905456543,0.329772412776947,1.1756891012191772,1.042540431022644,0.8232871294021606,0.5103059411048889,0.7613261938095093,2.3218748569488525,1.980936884880066,1.3752566576004028,0.33991485834121704,0.28137490153312683,0.7005940675735474,0.1982884705066681,0.5852965712547302,0.5314710736274719,0.424814909696579,0.275490939617157,0.38792139291763306,3.9294371604919434,3.3216071128845215,2.4959075450897217,0.4974454343318939,0.5010600686073303,1.4036508798599243,0.39692068099975586,1.035817265510559,1.0886250734329224,0.6907984614372253,0.5111528038978577,0.6317784786224365,0.662307858467102,0.6692600250244141,0.5805979371070862,0.02574525773525238,0.11199140548706055,0.36739787459373474,0.10208939015865326,0.17728392779827118,0.3067156970500946,0.09471537172794342,0.1025090143084526,0.10862334072589874,8.42697525024414,8.64932632446289,7.865365028381348,8.037979125976562,8.932927131652832,9.346382141113281,11.053439140319824,8.681594848632812,9.655466079711914,8.278367042541504,9.006412506103516,7.99372673034668
010150,0.15733614563941956,0.08985282480716705,0.07200701534748077,0.7680891156196594,0.3558345437049866,0.08806940168142319,0.333263099193573,0.052092067897319794,0.07303707301616669,0.10245966911315918,0.20251967012882233,0.13787774741649628,17.753721237182617,19.571088790893555,5.712741851806641,4.630457401275635,2.467775821685791,9.458986282348633,2.6081511974334717,4.799760818481445,7.411962509155273,8.1192626953125,6.208298683166504,3.9962711334228516,3.7093026638031006,3.8799829483032227,1.1851062774658203,0.904897928237915,0.504092812538147,1.9928584098815918,0.4901683032512665,0.950043797492981,1.5093421936035156,1.6841181516647339,1.2323651313781738,0.7818874716758728,1.4436689615249634,2.6286022663116455,0.5510153770446777,0.5040850043296814,0.3302113115787506,1.0660191774368286,0.2977757751941681,0.5321267247200012,0.7994537949562073,0.929793655872345,0.8008216023445129,0.4261791706085205,2.313082695007324,5.242367744445801,1.1504184007644653,0.9660045504570007,0.6487906575202942,2.2680718898773193,0.6838223934173584,1.168480634689331,1.6746999025344849,1.8141288757324219,1.6410824060440063,0.824444055557251,0.3196343183517456,0.564337968826294,0.31670400500297546,0.07795050740242004,0.04670735448598862,0.5400805473327637,0.14318808913230896,0.2627743184566498,0.34194043278694153,0.2472948133945465,0.18768881261348724,0.07244047522544861,6.138082981109619,9.197209358215332,8.944173812866211,7.5498046875,8.767922401428223,9.78486156463623,9.9915771484375,9.683156967163086,9.04898452758789,8.437976837158203,9.177330017089844,7.549449920654297
010152,0.12493818253278732,0.08841940015554428,0.046460818499326706,0.8509246110916138,0.534333348274231,0.061542924493551254,0.1869194209575653,0.041650399565696716,0.04840962588787079,0.12164308875799179,0.17704302072525024,0.1395511031150818,32.54975128173828,58.06403350830078,49.65346145629883,10.857449531555176,8.326177597045898,25.62126350402832,8.440479278564453,20.916109085083008,17.439756393432617,14.753355979919434,12.535552978515625,8.76246452331543,7.482036113739014,13.823410034179688,11.387838363647461,2.528381586074829,1.8107057809829712,6.184696197509766,1.9557528495788574,5.130666255950928,4.029576778411865,3.514005661010742,3.0538806915283203,1.9281481504440308,3.855978488922119,9.344270706176758,6.090550422668457,1.9546854496002197,1.498674750328064,3.761699676513672,1.4140480756759644,3.216520071029663,2.807342290878296,2.4232747554779053,2.3650548458099365,1.5231883525848389,7.33662748336792,16.189592361450195,13.070404052734375,3.6490297317504883,2.923917770385742,7.853949546813965,2.7685232162475586,6.51612663269043,5.844078540802002,4.72890043258667,4.362990856170654,2.9679954051971436,1.393861174583435,0.8573434948921204,3.642249584197998,0.19765782356262207,0.16158220171928406,1.6478731632232666,0.28624477982521057,1.115740180015564,0.9133467674255371,0.5001550912857056,0.23487035930156708,0.16636410355567932,9.095561981201172,9.175117492675781,10.987834930419922,10.397564888000488,10.63754653930664,11.579922676086426,10.812387466430664,11.290209770202637,11.63170337677002,10.695727348327637,10.727110862731934,10.388232231140137
010155,0.09124420583248138,0.07612977176904678,0.052091628313064575,0.5550816655158997,0.40190625190734863,0.06100431829690933,0.26893967390060425,0.04884757846593857,0.053482361137866974,0.06967072188854218,0.1540614664554596,0.10774656385183334,34.50361251831055,45.99066925048828,39.20491027832031,9.691413879394531,5.18648624420166,19.160966873168945,8.768882751464844,17.88705825805664,17.934326171875,10.489590644836426,11.320038795471191,8.774742126464844,8.189114570617676,10.094736099243164,8.535807609558105,2.3907272815704346,1.183573603630066,3.973759412765503,1.8426003456115723,3.911163330078125,4.087714195251465,2.5166008472442627,2.4870190620422363,1.9447232484817505,4.000636100769043,5.906937122344971,4.001516819000244,1.4829964637756348,0.7322460412979126,2.0288197994232178,1.1114827394485474,1.988990068435669,2.3208141326904297,1.4401581287384033,1.51926851272583,1.1822482347488403,7.437044620513916,9.443881034851074,8.16894817352295,2.333224296569824,1.1394338607788086,4.300894260406494,2.3496363162994385,3.973391056060791,4.659689903259277,2.256767988204956,2.859433889389038,2.153111457824707,1.6488806009292603,1.119224190711975,2.3719749450683594,0.18818221986293793,0.14099419116973877,1.2607319355010986,0.6398068070411682,1.0416897535324097,1.1334291696548462,0.1774832159280777,0.5608727931976318,0.4118833541870117,9.141804695129395,7.994224548339844,9.347132682800293,8.697392463684082,8.486470222473145,9.806865692138672,10.980731010437012,9.55307388305664,10.555000305175781,8.030689239501953,9.87320327758789,9.656418800354004
010157,0.19124409556388855,0.08352791517972946,0.0837133452296257,0.4406168758869171,0.23891828954219818,0.05215662717819214,0.1913059651851654,0.058903951197862625,0.0391821563243866,0.07239373028278351,0.17929594218730927,0.16108016669750214,40.52583312988281,38.69035720825195,15.662199974060059,6.330862522125244,3.8767900466918945,13.860161781311035,4.0269951820373535,8.784469604492188,12.425088882446289,12.891993522644043,7.3866095542907715,5.3983025550842285,9.966041564941406,10.729098320007324,3.698350667953491,1.7328503131866455,1.0042139291763306,3.705843210220337,1.0641899108886719,2.3441696166992188,3.3305463790893555,3.441983222961426,1.7744951248168945,1.4389909505844116,4.299957752227783,6.766465663909912,1.6630902290344238,1.0278021097183228,0.5934671759605408,1.953115463256836,0.6302126049995422,1.3123708963394165,1.6768786907196045,1.9795588254928589,1.06398606300354,0.8794002532958984,6.404202461242676,10.1629056930542,2.8244376182556152,1.4409279823303223,0.8032151460647583,3.330024480819702,0.9586682915687561,2.152708053588867,2.5255372524261475,3.0270497798919678,1.658125638961792,1.2528105974197388,0.5052921772003174,0.4849123954772949,0.48455289006233215,0.06392939388751984,0.03406570106744766,0.43110358715057373,0.04693227261304855,0.18663384020328522,0.1284645050764084,0.15103158354759216,0.0820424035191536,0.05570540577173233,6.725255012512207,9.067827224731445,7.798906326293945,8.270697593688965,7.7411065101623535,9.199807167053223,8.446256637573242,8.931700706481934,7.699702262878418,8.391019821166992,7.999942779541016,8.329164505004883
010162,0.18777403235435486,0.060906436294317245,0.06635241210460663,0.4770374894142151,0.3637092113494873,0.05882910266518593,0.24049971997737885,0.06436432152986526,0.05937546119093895,0.06818094104528427,0.15167978405952454,0.16219590604305267,12.194618225097656,20.565120697021484,13.41773796081543,3.5322728157043457,1.3731166124343872,11.872946739196777,3.907996416091919,9.130253791809082,6.166556358337402,4.874685287475586,1.8778712749481201,2.4628312587738037,3.067667245864868,6.330099105834961,3.4612555503845215,0.9521411657333374,0.3696858286857605,3.1769981384277344,1.1142679452896118,2.4370458126068115,1.516579270362854,1.2048182487487793,0.49323052167892456,0.6476830244064331,1.3177359104156494,3.6210734844207764,1.6323422193527222,0.4829353392124176,0.2027038037776947,1.4880796670913696,0.57475346326828,1.1204167604446411,0.6945416927337646,0.534540057182312,0.2735500633716583,0.3583371639251709,1.818377137184143,4.543267250061035,2.708343744277954,0.5493292808532715,0.20225998759269714,2.156446695327759,0.7596849203109741,1.5442752838134766,0.9105697870254517,0.640571653842926,0.3107120096683502,0.40039074420928955,0.0899353101849556,0.18749509751796722,0.41947612166404724,0.019898178055882454,0.005998190492391586,0.12132513523101807,0.034331921488046646,0.07469229400157928,0.04168078675866127,0.026275990530848503,0.011258003301918507,0.013919994235038757,6.405142307281494,8.354254722595215,8.381571769714355,6.677881240844727,6.54299259185791,7.261025428771973,7.622107982635498,6.9411163330078125,6.346775531768799,5.995233058929443,6.876859664916992,6.814736366271973
010163,0.09780198335647583,0.05536867678165436,0.052494145929813385,0.5519193410873413,0.39921897649765015,0.05741921812295914,0.35918134450912476,0.04311646521091461,0.03895913437008858,0.05033157020807266,0.21752400696277618,0.09631216526031494,15.495109558105469,14.56604290008545,16.799245834350586,2.9902594089508057,2.3977210521698,11.352067947387695,2.854671001434326,8.748703956604004,4.90697717666626,5.855219841003418,4.2594685554504395,3.522465467453003,3.3796327114105225,2.510178327560425,3.2445590496063232,0.6224181056022644,0.4973072409629822,2.2859323024749756,0.621919572353363,1.645777702331543,1.1088569164276123,1.216705083847046,0.8019500374794006,0.6611644625663757,1.2984681129455566,1.2544872760772705,1.5476882457733154,0.25811484456062317,0.18494583666324615,0.9722768664360046,0.2510583996772766,0.7976986765861511,0.4696787893772125,0.45581287145614624,0.3435399532318115,0.29896584153175354,2.1312975883483887,3.3514671325683594,3.8441250324249268,0.5699870586395264,0.3810354471206665,2.0574791431427,0.49504923820495605,2.071540594100952,0.8801490664482117,0.8754428029060364,0.7993978261947632,0.7742549180984497,0.3536154329776764,1.1217366456985474,1.5206445455551147,0.13576999306678772,0.09174689650535583,0.6209582686424255,0.11476414650678635,0.7988786697387695,0.1646682769060135,0.21970196068286896,0.22059842944145203,0.23800028860569,6.5194878578186035,10.079120635986328,10.719200134277344,8.332308769226074,7.440639972686768,8.476768493652344,7.870972156524658,10.867012023925781,7.79160737991333,7.238220691680908,8.39816951751709,9.612456321716309
010164,0.19919635355472565,0.0871196761727333,0.056149426847696304,1.077101707458496,0.45395228266716003,0.06847904622554779,0.3381461203098297,0.059492792934179306,0.07701095193624496,0.06279578804969788,0.19638864696025848,0.1249939352273941,19.89443588256836,15.929291725158691,15.249021530151367,3.104475259780884,1.6461948156356812,13.021461486816406,2.7570841312408447,6.9087629318237305,6.709284782409668,4.016887664794922,2.9034910202026367,4.341618537902832,4.209141254425049,3.674231767654419,3.485187530517578,0.6686825752258301,0.39713266491889954,2.9016270637512207,0.6156207919120789,1.5650866031646729,1.4720168113708496,0.9466357827186584,0.684843122959137,0.9286035299301147,1.5490084886550903,1.6131893396377563,1.3418160676956177,0.28907057642936707,0.1643494814634323,1.1883246898651123,0.27631619572639465,0.6887645721435547,0.620521605014801,0.41576287150382996,0.2881186902523041,0.395813912153244,2.4004008769989014,2.7782633304595947,2.0604236125946045,0.5110777020454407,0.27875450253486633,2.063117504119873,0.5227707028388977,1.2421072721481323,1.1456542015075684,0.7120639681816101,0.5161430835723877,0.7364012002944946,0.3621004819869995,0.31630879640579224,0.28250932693481445,0.060751479119062424,0.04301617294549942,0.39021623134613037,0.09923852980136871,0.2284858673810959,0.23767971992492676,0.09441957622766495,0.08337335288524628,0.12540003657341003,5.97412109375,7.2076096534729,6.37998628616333,6.915285587310791,7.419584274291992,7.233665466308594,8.077022552490234,7.795372009277344,7.658939838409424,7.438943862915039,7.6356377601623535,7.351673603057861
010165,0.19996097683906555,0.08368116617202759,0.10266278684139252,0.5509627461433411,0.3997083008289337,0.07839716970920563,0.3141542375087738,0.07480885088443756,0.06687814742326736,0.08441398292779922,0.21607647836208344,0.12201867997646332,37.449954986572266,50.595909118652344,53.032623291015625,7.799986362457275,7.573622703552246,14.727169036865234,6.709699630737305,10.967376708984375,14.081023216247559,13.276212692260742,8.907700538635254,9.1436767578125,9.885303497314453,15.107986450195312,12.849020957946777,2.2984530925750732,2.2076079845428467,4.001256465911865,1.9078110456466675,2.928440570831299,4.19655179977417,3.6938862800598145,2.50163197517395,2.6712241172790527,4.057844638824463,7.234119415283203,5.317728042602539,1.0253850221633911,1.0239709615707397,1.8616702556610107,0.8763298988342285,1.3068839311599731,2.006876230239868,1.7538923025131226,1.2132319211959839,1.2293078899383545,5.551455497741699,9.40633487701416,8.227293968200684,1.1961132287979126,1.237779140472412,2.8768489360809326,1.1547086238861084,1.8428481817245483,2.8690683841705322,2.4282007217407227,1.6138275861740112,1.530245065689087,0.27571359276771545,0.4140946865081787,1.0535567998886108,0.04689269885420799,0.05062635987997055,0.29527464509010315,0.05323171615600586,0.09718742966651917,0.14325834810733795,0.1159965842962265,0.07279320061206818,0.0655580386519432,6.451470375061035,7.472672939300537,6.91655969619751,6.738503456115723,6.943489074707031,7.913259983062744,7.099055767059326,6.925045013427734,7.882533550262451,7.301191329956055,7.272693157196045,7.037482261657715
010166,0.18236081302165985,0.08326482772827148,0.08873353153467178,0.8986982107162476,0.27184998989105225,0.05676912143826485,0.32773908972740173,0.05622478574514389,0.09087471663951874,0.1304941177368164,0.1825033575296402,0.10505425930023193,23.332380294799805,17.03794288635254,14.616403579711914,2.526455879211426,2.1477389335632324,5.179941177368164,2.0849828720092773,1.746226191520691,6.848801612854004,4.583655834197998,4.750302791595459,2.758098602294922,5.22580099105835,3.614410877227783,3.309807777404785,0.5440259575843811,0.5091884136199951,1.0357310771942139,0.42310142517089844,0.320863276720047,1.3475159406661987,0.8398445248603821,0.8459572792053223,0.5257177352905273,1.9078211784362793,1.606168270111084,1.3605618476867676,0.22007882595062256,0.20844323933124542,0.454456627368927,0.1935410499572754,0.14511869847774506,0.5832545161247253,0.3431342542171478,0.33235034346580505,0.2135787010192871,2.7935056686401367,3.197807788848877,2.3607044219970703,0.41136014461517334,0.3339056074619293,0.9876381754875183,0.4260270297527313,0.31383591890335083,1.2803325653076172,0.7461934685707092,0.7585147023200989,0.44014617800712585,0.3497648537158966,0.850612998008728,0.4990737736225128,0.09725867956876755,0.046670906245708466,0.32519859075546265,0.1345859169960022,0.0911838561296463,0.42319104075431824,0.25272950530052185,0.26813456416130066,0.12099267542362213,5.914990425109863,8.500107765197754,7.47855806350708,7.605263710021973,6.9707159996032715,8.965494155883789,9.324569702148438,8.251108169555664,8.832574844360352,8.02335262298584,7.975655555725098,7.581864833831787
010168,0.1628614217042923,0.06807149201631546,0.0784001350402832,0.6764562129974365,0.3259750008583069,0.049325212836265564,0.3000473082065582,0.05809049680829048,0.05729135870933533,0.07896985858678818,0.1869964450597763,0.14903023838996887,17.837858200073242,13.490676879882812,11.547048568725586,2.6528830528259277,1.6846587657928467,7.043582439422607,2.300698757171631,5.463041305541992,6.634771823883057,3.565423011779785,2.038270950317383,3.381195545196533,4.194025039672852,3.860846757888794,2.7944347858428955,0.749366044998169,0.4491610527038574,1.755657434463501,0.6339856386184692,1.3132802248001099,1.7124903202056885,0.8984981775283813,0.47415655851364136,0.9224119782447815,1.6883047819137573,1.9291512966156006,1.274174451828003,0.3366446793079376,0.19285660982131958,0.8238566517829895,0.2995387315750122,0.6168928146362305,0.8165820240974426,0.4056316316127777,0.24134546518325806,0.40976715087890625,2.5463688373565674,2.654315233230591,2.322333812713623,0.4362981617450714,0.26392799615859985,1.4355872869491577,0.45567408204078674,1.024334192276001,1.3792279958724976,0.5854917764663696,0.4306248128414154,0.5651884078979492,0.30991247296333313,0.14932622015476227,0.5227348208427429,0.020887359976768494,0.032496336847543716,0.266116201877594,0.05272601917386055,0.15574684739112854,0.23072242736816406,0.05362716689705849,0.09021956473588943,0.048919741064310074,6.534967422485352,7.732374668121338,8.783534049987793,6.941094398498535,7.115031719207764,8.605766296386719,8.113821983337402,7.8822736740112305,8.63521671295166,7.000702857971191,8.913399696350098,7.176880836486816
010170,0.18114031851291656,0.08272349089384079,0.08251317590475082,0.8466192483901978,0.4023793935775757,0.08077696710824966,0.2653599679470062,0.03848489373922348,0.08464772999286652,0.1627507358789444,0.199417382478714,0.15271776914596558,16.436721801757812,26.81503677368164,25.65317726135254,4.039990425109863,5.642858982086182,7.744406700134277,2.989164113998413,12.22245979309082,4.370967864990234,7.946325778961182,4.3960185050964355,3.584635019302368,4.25394344329834,7.540650844573975,6.198970794677734,1.2188714742660522,1.6672381162643433,1.962830662727356,0.8002004623413086,2.753862142562866,1.054136037826538,2.1678786277770996,1.1251883506774902,0.9988837242126465,1.9553864002227783,3.900876760482788,2.6976208686828613,0.6882423162460327,0.8925132155418396,0.8899972438812256,0.405170738697052,1.2001374959945679,0.4723529517650604,1.0987441539764404,0.5393981337547302,0.5110610127449036,3.0028932094573975,4.861016273498535,4.462897777557373,0.8747899532318115,1.0779762268066406,1.3643393516540527,0.543747067451477,1.7612794637680054,0.6238338351249695,1.5017492771148682,0.7132828831672668,0.6161144971847534,0.3056688606739044,0.20934639871120453,0.7576060891151428,0.03771021589636803,0.04492809996008873,0.16197635233402252,0.025900132954120636,0.16844911873340607,0.03314771503210068,0.07146696746349335,0.05783698707818985,0.026402980089187622,7.53251314163208,7.304129600524902,7.653339385986328,8.227744102478027,7.634509563446045,7.460048675537109,7.2490129470825195,6.378424167633057,6.242096900939941,7.426514625549316,6.95766019821167,7.108633518218994
010176,0.11428239196538925,0.0883067324757576,0.08424880355596542,0.5893648862838745,0.5015764832496643,0.06143619865179062,0.22651806473731995,0.0497438944876194,0.07174556702375412,0.11167354881763458,0.16955280303955078,0.15501700341701508,22.92616844177246,24.97528648376465,22.47044563293457,4.140017986297607,3.155139207839966,11.905256271362305,3.76979660987854,10.424653053283691,7.12870454788208,7.1427106857299805,4.164161682128906,4.098892688751221,5.3597092628479,6.033571720123291,5.159705638885498,1.0284807682037354,0.7583826780319214,2.6906702518463135,0.91117262840271,2.421937942504883,1.6695119142532349,1.7789661884307861,0.8872891664505005,0.9885504841804504,2.2163281440734863,3.7207603454589844,2.207714080810547,0.6542176008224487,0.4597170352935791,1.3925061225891113,0.5383195281028748,1.2967822551727295,0.9554426074028015,1.0569846630096436,0.5674392580986023,0.5883273482322693,3.2853806018829346,6.139399528503418,3.7864954471588135,1.0723423957824707,0.7656896114349365,2.768260955810547,0.9418241381645203,2.4833171367645264,1.7697789669036865,1.8133543729782104,1.1085935831069946,0.9945657849311829,0.2671690881252289,0.41259366273880005,0.7074621319770813,0.05425356328487396,0.04419989883899689,0.6297113299369812,0.09142904728651047,0.4702262580394745,0.2680511474609375,0.16592654585838318,0.1561160832643509,0.0790715292096138,6.322875499725342,8.6198148727417,7.53839635848999,8.80062198638916,8.450098991394043,9.590189933776855,8.972908020019531,9.453091621398926,9.39112663269043,9.067466735839844,9.607617378234863,8.654916763305664
010183,0.09996045380830765,0.0938960537314415,0.07153116166591644,0.6745328307151794,0.34556013345718384,0.052450504153966904,0.31865331530570984,0.04604551941156387,0.06227661669254303,0.09701064229011536,0.1683826446533203,0.1320517659187317,10.329183578491211,14.70578384399414,5.459654331207275,2.61478853225708,1.6848045587539673,7.818219184875488,1.571934461593628,4.849600315093994,4.605632781982422,4.516758918762207,3.713336229324341,2.44014835357666,2.380229949951172,3.4451887607574463,1.1786761283874512,0.6116922497749329,0.3687942326068878,1.725003719329834,0.33480775356292725,1.1177270412445068,1.0642353296279907,1.0841636657714844,0.8630321621894836,0.529359757900238,1.0413872003555298,2.4749884605407715,0.495138555765152,0.36375758051872253,0.2031499296426773,0.8686848282814026,0.1853465735912323,0.6143414974212646,0.5734575390815735,0.6207880973815918,0.5623468160629272,0.310144305229187,1.6913665533065796,4.152466773986816,0.8431878089904785,0.5866541266441345,0.350128173828125,1.6185810565948486,0.32652807235717773,1.1243587732315063,0.9908459186553955,1.0559245347976685,0.9567781686782837,0.4926379323005676,0.23503857851028442,0.22598224878311157,0.15751966834068298,0.02946772426366806,0.040000829845666885,0.2999504804611206,0.04171118512749672,0.1714884638786316,0.11900784820318222,0.09626705944538116,0.06646163016557693,0.02447529137134552,7.125397205352783,9.270317077636719,7.075672626495361,7.946063995361328,7.98372745513916,8.506525993347168,8.044739723205566,8.95531177520752,8.27342700958252,8.536825180053711,8.84870433807373,7.353034019470215
010191,0.10634354501962662,0.06466013193130493,0.07491027563810349,0.540414571762085,0.22127871215343475,0.056331850588321686,0.21969851851463318,0.055813711136579514,0.07038089632987976,0.06072535738348961,0.19711008667945862,0.12636786699295044,9.951082229614258,5.103054046630859,6.3327436447143555,1.4540135860443115,0.7445867657661438,3.509695053100586,0.9250770211219788,2.728257894515991,2.7522976398468018,1.9783381223678589,1.0814646482467651,1.366188883781433,2.2240779399871826,1.1920446157455444,1.3812516927719116,0.3374207615852356,0.18105751276016235,0.7978878617286682,0.19397179782390594,0.6285915374755859,0.6179123520851135,0.43937110900878906,0.23962123692035675,0.3107990324497223,0.8778631687164307,0.6081531047821045,0.6284373998641968,0.15652383863925934,0.09022434800863266,0.3913889527320862,0.08842014521360397,0.3137562572956085,0.2894313931465149,0.20308038592338562,0.12831814587116241,0.1425236314535141,1.376808524131775,1.0219459533691406,1.2972241640090942,0.24260486662387848,0.1500568389892578,0.7961117625236511,0.16124625504016876,0.6268036961555481,0.5213413834571838,0.35430023074150085,0.2623021602630615,0.2368697226047516,0.19967758655548096,0.1275891661643982,0.3900451362133026,0.02176840975880623,0.018336696550250053,0.21297912299633026,0.031663164496421814,0.15563122928142548,0.09870079904794693,0.05873863399028778,0.0612703375518322,0.03329920768737793,6.47339391708374,7.9692816734313965,9.316591262817383,6.923116683959961,8.045439720153809,9.77927017211914,7.638153076171875,9.721213340759277,8.091012001037598,7.643359661102295,9.91238784790039,7.372405529022217
010192,0.13941293954849243,0.06017925962805748,0.05236423388123512,0.5745617747306824,0.7915907502174377,0.0749286562204361,0.2188524454832077,0.044699158519506454,0.05209379270672798,0.07976985722780228,0.20346073806285858,0.11323759704828262,15.170404434204102,9.476234436035156,9.833582878112793,2.9316747188568115,2.57582426071167,5.85238790512085,1.7285206317901611,5.511699676513672,3.624044895172119,4.3348565101623535,2.715097665786743,2.716987133026123,3.5767877101898193,2.031735897064209,2.121137857437134,0.6433585286140442,0.5675437450408936,1.2860320806503296,0.359617680311203,1.188474416732788,0.7879436016082764,0.9291237592697144,0.5327610969543457,0.5654109716415405,1.5468392372131348,1.1178783178329468,0.8369707465171814,0.31018349528312683,0.2574050724506378,0.5823831558227539,0.1800214946269989,0.509875476360321,0.3564801812171936,0.43104609847068787,0.2535581886768341,0.26213106513023376,2.5967049598693848,2.144230842590332,1.397163987159729,0.538105309009552,0.4748471975326538,1.087870478630066,0.34933409094810486,0.8989518284797668,0.661119282245636,0.8017154335975647,0.5283510684967041,0.45738741755485535,0.41263359785079956,0.2847751975059509,0.25959351658821106,0.04203452542424202,0.06049291044473648,0.22448347508907318,0.05594785511493683,0.1540139615535736,0.1219453290104866,0.13110694289207458,0.10878217965364456,0.046440113335847855,7.468010425567627,8.521172523498535,6.732833385467529,7.121042251586914,7.477138996124268,8.073274612426758,8.091038703918457,7.203733921051025,7.811295032501221,7.713371276855469,8.153520584106445,6.853677749633789
010194,0.14642928540706635,0.08209391683340073,0.06868886202573776,0.6266366839408875,0.7636623978614807,0.05871030315756798,0.22470323741436005,0.04922164976596832,0.04003061354160309,0.09347306191921234,0.18490609526634216,0.13927896320819855,14.644603729248047,10.759132385253906,13.850120544433594,2.3042080402374268,1.4717941284179688,5.187648296356201,1.954214096069336,4.169711589813232,3.652487277984619,3.718233585357666,3.099066734313965,2.3108835220336914,3.325810432434082,2.24468731880188,3.0314671993255615,0.5263736844062805,0.33276987075805664,1.1338839530944824,0.3473081588745117,0.8348590135574341,0.720567524433136,0.8153427839279175,0.6325555443763733,0.49417394399642944,1.2715134620666504,1.120314359664917,1.2590534687042236,0.24558384716510773,0.15498685836791992,0.5277628302574158,0.17082743346691132,0.3899086117744446,0.35597091913223267,0.3964534103870392,0.30418455600738525,0.21931366622447968,1.8742914199829102,2.0679421424865723,2.2835896015167236,0.4407232999801636,0.2707901895046234,1.0321637392044067,0.4224390983581543,0.8373841643333435,0.832669734954834,0.788923442363739,0.6644245386123657,0.3955020606517792,0.21056006848812103,0.406381756067276,0.5455573201179504,0.08382447808980942,0.047015804797410965,0.25481948256492615,0.15636788308620453,0.2554914057254791,0.28733113408088684,0.19521574676036835,0.18973810970783234,0.08019395172595978,6.076773166656494,8.120966911315918,7.693840026855469,8.174153327941895,7.845550060272217,8.734331130981445,9.979728698730469,9.111796379089355,10.286493301391602,9.130182266235352,9.397760391235352,7.621386528015137
010195,0.15120618045330048,0.08102735877037048,0.10521523654460907,0.7211179137229919,0.5998615622520447,0.06916443258523941,0.2576887011528015,0.05795838311314583,0.05747188627719879,0.12507769465446472,0.13514916598796844,0.11476200819015503,7.438919544219971,4.416277885437012,4.59684419631958,1.2522059679031372,0.8321515917778015,2.3681702613830566,0.7697207927703857,1.2124176025390625,2.0293381214141846,1.255563497543335,1.0740604400634766,0.9662860035896301,1.5559165477752686,0.7511382699012756,0.9748649597167969,0.26264217495918274,0.1798115074634552,0.47533082962036133,0.15477323532104492,0.243778258562088,0.3794398605823517,0.2919607162475586,0.20074491202831268,0.17630304396152496,0.5987644791603088,0.3663676679134369,0.38606682419776917,0.11484550684690475,0.08231121301651001,0.20998653769493103,0.07413669675588608,0.11242865025997162,0.18201370537281036,0.13711467385292053,0.10593444108963013,0.08536792546510696,1.0336145162582397,0.9515077471733093,0.6903284788131714,0.21561206877231598,0.16422045230865479,0.4543299078941345,0.17013204097747803,0.2565997540950775,0.4598766565322876,0.25210943818092346,0.26636189222335815,0.21603572368621826,0.2284346967935562,0.3512803018093109,0.1661110520362854,0.04401649907231331,0.03540147840976715,0.14581051468849182,0.0527951754629612,0.085594043135643,0.17233161628246307,0.04734247550368309,0.08626776188611984,0.07161394506692886,6.791895389556885,9.894445419311523,7.236608505249023,7.627413749694824,8.441946029663086,8.946330070495605,9.791136741638184,9.68013858795166,10.424559593200684,8.438039779663086,10.682086944580078,9.92880630493164
010196,0.1311345249414444,0.07499628514051437,0.06948651373386383,0.5083591938018799,0.30890050530433655,0.08759089559316635,0.2567301392555237,0.06608971208333969,0.07681838423013687,0.09021826088428497,0.23587244749069214,0.12497613579034805,9.454395294189453,7.339606761932373,8.22003173828125,1.6982697248458862,1.5393027067184448,3.8729183673858643,1.6073384284973145,3.1647305488586426,2.3198800086975098,3.0802581310272217,2.2326762676239014,1.994837760925293,2.337462902069092,1.9980818033218384,1.9976669549942017,0.44617775082588196,0.43247389793395996,0.9758029580116272,0.401218056678772,0.7740980982780457,0.567429780960083,0.8252229690551758,0.6072179675102234,0.523899257183075,0.939746081829071,0.9064567685127258,0.8012332320213318,0.18788772821426392,0.1930610090494156,0.41003847122192383,0.17317362129688263,0.30978134274482727,0.240508034825325,0.362365186214447,0.25612762570381165,0.2087373584508896,1.3499000072479248,1.1781905889511108,1.2054898738861084,0.23410837352275848,0.2460789978504181,0.5953837037086487,0.2508254945278168,0.4216179847717285,0.3460674583911896,0.4968695342540741,0.31988954544067383,0.25393736362457275,0.11233364790678024,0.054595690220594406,0.14555971324443817,0.010731486603617668,0.011600949801504612,0.05064714327454567,0.023323239758610725,0.024826133623719215,0.03250551596283913,0.02455662004649639,0.014842250384390354,0.01166356261819601,6.4059624671936035,6.781623840332031,6.672133922576904,6.2315144538879395,6.8374762535095215,6.702136993408203,6.799079418182373,6.053430557250977,6.609488487243652,6.775956630706787,6.407739639282227,6.002162933349609
010197,0.13541145622730255,0.0620693638920784,0.10026480257511139,0.6119204163551331,0.46725019812583923,0.053369589149951935,0.19742050766944885,0.049250759184360504,0.049313176423311234,0.06464920192956924,0.14712591469287872,0.1340821236371994,25.467844009399414,13.161508560180664,13.276758193969727,3.981377601623535,2.736729621887207,9.622246742248535,2.72373628616333,4.626972675323486,9.444769859313965,4.877241134643555,2.909830331802368,3.5009515285491943,6.284496784210205,3.6933608055114746,3.1483449935913086,1.1316181421279907,0.8513771891593933,2.3249778747558594,0.7838592529296875,1.0784708261489868,2.5083158016204834,1.225105881690979,0.8143476843833923,1.0490652322769165,2.2475831508636475,1.178605318069458,1.2234348058700562,0.33110177516937256,0.2519342601299286,0.8380814790725708,0.26963528990745544,0.3961840271949768,0.8813760876655579,0.39219242334365845,0.2831362783908844,0.31818145513534546,2.870429754257202,1.3023271560668945,1.9345875978469849,0.3078172504901886,0.2360875904560089,1.1679246425628662,0.34935542941093445,0.6390820145606995,1.1260161399841309,0.4707193970680237,0.41037729382514954,0.33055102825164795,0.13873697817325592,0.11366870999336243,0.3372884690761566,0.012028404511511326,0.015488103963434696,0.1334102600812912,0.05342952534556389,0.14287209510803223,0.09974397718906403,0.049135688692331314,0.08884851634502411,0.0367790050804615,5.561309814453125,5.617713928222656,6.903894424438477,5.006300449371338,5.445642471313477,6.016773223876953,6.660442352294922,6.933314323425293,6.001095294952393,5.441140174865723,7.267502784729004,5.7235870361328125
010199,0.1064702719449997,0.052807435393333435,0.04944276809692383,0.45934876799583435,0.5381649732589722,0.04482094198465347,0.1714460551738739,0.028995905071496964,0.04593975841999054,0.051238417625427246,0.10564213991165161,0.12295875698328018,7.896298408508301,6.687843322753906,5.585998058319092,1.5708673000335693,1.098499059677124,2.4601986408233643,1.1976245641708374,2.056746244430542,2.857922315597534,3.0720229148864746,2.665874481201172,1.6728901863098145,1.6877979040145874,1.1174893379211426,1.0101959705352783,0.288165807723999,0.18279439210891724,0.3365940451622009,0.17677785456180573,0.26915737986564636,0.42963314056396484,0.5353864431381226,0.33448728919029236,0.2708704471588135,0.7245383262634277,0.6282651424407959,0.48730042576789856,0.14837317168712616,0.10263166576623917,0.22175411880016327,0.0969173014163971,0.1763373613357544,0.26677247881889343,0.2913905382156372,0.23807132244110107,0.15600670874118805,1.3763025999069214,1.6623212099075317,1.2866060733795166,0.3557964861392975,0.28751644492149353,0.8255628347396851,0.3116095960140228,0.6696125268936157,0.8953096270561218,0.7888748645782471,0.8905448913574219,0.461056113243103,0.34007611870765686,0.6330003142356873,0.5496755242347717,0.10491341352462769,0.10370391607284546,0.4384194612503052,0.14195364713668823,0.3571707606315613,0.42340418696403503,0.3113483488559723,0.4348190128803253,0.17946189641952515,7.987442970275879,11.11202621459961,10.969099998474121,9.725244522094727,11.351191520690918,15.77557373046875,12.10670280456543,15.367461204528809,14.28563117980957,11.567041397094727,15.096271514892578,12.081220626831055
010200,0.12336357682943344,0.07466237992048264,0.09196575731039047,0.8154870271682739,0.668310821056366,0.06981098651885986,0.28905007243156433,0.05019177496433258,0.07213152945041656,0.07854761183261871,0.11889177560806274,0.19439226388931274,24.479312896728516,25.81723976135254,16.72748374938965,3.958507776260376,1.7016143798828125,13.875768661499023,2.8191139698028564,7.924777507781982,6.725225448608398,5.1819539070129395,2.8668622970581055,2.9560232162475586,5.959068775177002,7.083092212677002,3.8488709926605225,0.958351731300354,0.37335890531539917,3.578636884689331,0.7078853845596313,1.9259653091430664,1.6533300876617432,1.3004264831542969,0.6071985363960266,0.7216148376464844,2.683084011077881,4.56131649017334,1.6564629077911377,0.5321819186210632,0.20435933768749237,1.7958413362503052,0.3947241008281708,0.9548076391220093,0.8346272110939026,0.7280920147895813,0.35516002774238586,0.4620075523853302,4.154946327209473,6.500696182250977,2.720043182373047,0.7122762203216553,0.27542901039123535,2.91231369972229,0.5712261199951172,1.4541581869125366,1.232271432876587,1.0610435009002686,0.5102001428604126,0.6266906261444092,0.4181724190711975,0.29409468173980713,0.4299190640449524,0.03069140948355198,0.012213537469506264,0.3244112432003021,0.02736787684261799,0.10561282932758331,0.061756737530231476,0.05074246972799301,0.02342975325882435,0.02652251347899437,7.117756366729736,8.816619873046875,7.210743427276611,7.038486003875732,6.51666259765625,8.250059127807617,7.593883037567139,7.262592792510986,7.128373622894287,7.634822368621826,6.808586120605469,7.768970012664795
010201,0.13304875791072845,0.054163530468940735,0.07395034283399582,0.6858541369438171,0.6006796956062317,0.06172482669353485,0.19948101043701172,0.03954211622476578,0.047701478004455566,0.05724017322063446,0.1860971748828888,0.1196412593126297,7.250864505767822,6.790377616882324,8.958637237548828,2.0628600120544434,1.5914721488952637,4.708121299743652,1.5225415229797363,4.346468448638916,2.6506245136260986,3.2780158519744873,2.2942986488342285,2.0900816917419434,1.575912356376648,1.5001753568649292,2.06384539604187,0.44930654764175415,0.35684865713119507,1.0272408723831177,0.33135661482810974,0.935890257358551,0.5848446488380432,0.7176158428192139,0.48390993475914,0.4653277099132538,0.528130292892456,0.5438714623451233,0.8021359443664551,0.14402398467063904,0.11576364934444427,0.38985151052474976,0.12149257957935333,0.3455604612827301,0.22152668237686157,0.2411237508058548,0.17355164885520935,0.1614978164434433,0.6750445365905762,0.8178349733352661,1.2754011154174805,0.21084192395210266,0.17537792026996613,0.6150166988372803,0.20168110728263855,0.5487930178642273,0.3713640868663788,0.35442760586738586,0.2835581302642822,0.2598402202129364,0.03304937854409218,0.10580269247293472,0.21173520386219025,0.032892532646656036,0.028365889564156532,0.09531602263450623,0.04063192382454872,0.09444308280944824,0.07308982312679291,0.05594884231686592,0.051112592220306396,0.04673272743821144,4.952833652496338,5.932960510253906,6.727926731109619,5.565893173217773,5.831913948059082,6.291066646575928,6.567326545715332,6.242161273956299,6.769852161407471,5.731888771057129,6.18483304977417,6.276603698730469
010202,0.0928376168012619,0.05065523833036423,0.05434995889663696,0.3991067707538605,0.2609507441520691,0.06320153176784515,0.2215425670146942,0.049689099192619324,0.05659060552716255,0.03893361613154411,0.10577745735645294,0.08132673799991608,5.693614959716797,3.138805627822876,4.2219414710998535,0.9463059306144714,0.633670449256897,2.030252695083618,0.5453554391860962,1.4939240217208862,1.3730353116989136,1.1262956857681274,0.941506564617157,0.9239985942840576,1.239369511604309,0.6327176690101624,0.9149783849716187,0.20891205966472626,0.14284072816371918,0.42439550161361694,0.11827059835195541,0.3108317255973816,0.29225096106529236,0.250161349773407,0.2032240927219391,0.20934666693210602,0.463911771774292,0.2322234809398651,0.3542259931564331,0.07503365725278854,0.05425793305039406,0.16884677112102509,0.04509394243359566,0.12483879178762436,0.12089995294809341,0.09654635190963745,0.08484302461147308,0.08172166347503662,0.7552582621574402,0.41961511969566345,0.5926417112350464,0.12644074857234955,0.09400320053100586,0.29900094866752625,0.08592326194047928,0.22739942371845245,0.23254966735839844,0.1657981425523758,0.16157758235931396,0.14719535410404205,0.1495300829410553,0.10366568714380264,0.11989223957061768,0.02623872645199299,0.017712511122226715,0.06527863442897797,0.024052226915955544,0.052608609199523926,0.060187146067619324,0.03314109146595001,0.03777092695236206,0.031283289194107056,6.554264068603516,6.722345352172852,6.780714511871338,6.6448750495910645,6.972394943237305,7.008724689483643,7.711952209472656,7.215782165527344,7.907649040222168,6.987945556640625,7.829416751861572,7.419301986694336
010204,0.10131365805864334,0.08321434259414673,0.11219055205583572,0.6100406050682068,0.38599762320518494,0.06276178359985352,0.3671783208847046,0.052763257175683975,0.06986208260059357,0.10074563324451447,0.1681143045425415,0.16690680384635925,8.696752548217773,15.912921905517578,12.917337417602539,1.9668406248092651,2.0936944484710693,4.25150203704834,1.972428321838379,3.6842093467712402,1.8594589233398438,3.6071834564208984,2.8723952770233154,1.911678671836853,2.097784996032715,3.7522008419036865,2.5470242500305176,0.44980648159980774,0.4393005073070526,0.8810679912567139,0.37774497270584106,0.7163034081459045,0.4248313307762146,0.8123123645782471,0.5244627594947815,0.4206012785434723,1.0356416702270508,2.4362826347351074,1.1928277015686035,0.27648720145225525,0.27220067381858826,0.5232765674591064,0.2387443631887436,0.4317467510700226,0.2963410019874573,0.4802473187446594,0.3241758942604065,0.28697824478149414,1.7864477634429932,4.2180705070495605,2.729280710220337,0.4227375388145447,0.5057255625724792,1.2658041715621948,0.5464766621589661,1.0592514276504517,0.6042217016220093,0.8979699015617371,0.7234172821044922,0.5211673378944397,0.28029823303222656,0.6334877610206604,0.9886817932128906,0.024117670953273773,0.0952485054731369,0.44487181305885315,0.17009632289409637,0.3808390200138092,0.1372470110654831,0.16713745892047882,0.2005559802055359,0.08869961649179459,8.383535385131836,9.874505996704102,9.87735652923584,7.806993007659912,9.449817657470703,12.723852157592773,11.5425443649292,12.396263122558594,12.279852867126465,9.700240135192871,10.368185043334961,10.186362266540527
010207,0.13731199502944946,0.09319505095481873,0.054487138986587524,0.6984520554542542,0.3865666687488556,0.07524848729372025,0.2471940517425537,0.04817414656281471,0.07937832921743393,0.10843214392662048,0.19530372321605682,0.1340261846780777,15.900045394897461,9.201083183288574,10.277435302734375,2.8253250122070312,2.240851879119873,6.093692302703857,1.6196519136428833,4.6870551109313965,4.496851921081543,3.6415417194366455,2.2052600383758545,2.0658702850341797,3.7365026473999023,2.2707111835479736,2.3609867095947266,0.6865261197090149,0.5540251731872559,1.4272181987762451,0.4090999662876129,1.1053017377853394,1.089431643486023,0.8586907982826233,0.546027421951294,0.5005788207054138,1.3696882724761963,0.9469683170318604,0.9682053923606873,0.24479088187217712,0.20553742349147797,0.5959591269493103,0.16722221672534943,0.4738585352897644,0.47219160199165344,0.34100425243377686,0.22424158453941345,0.2024412751197815,1.8363168239593506,1.4165900945663452,1.625425934791565,0.3247876465320587,0.28932371735572815,0.9828360080718994,0.25989216566085815,0.8076668381690979,0.7875000834465027,0.5200082659721375,0.3432464897632599,0.30919721722602844,0.09149996936321259,0.10280395299196243,0.3066730797290802,0.015980945900082588,0.02751319482922554,0.15733163058757782,0.03283325210213661,0.13587714731693268,0.11948791891336441,0.055222999304533005,0.04025043174624443,0.03308302164077759,5.553234100341797,6.592142105102539,7.270970821380615,5.594269752502441,6.154376029968262,7.210280418395996,7.10599946975708,7.556783676147461,7.564962387084961,6.454565048217773,6.9058942794799805,6.670405387878418
010210,0.12947650253772736,0.06183827295899391,0.048041488975286484,0.6285547614097595,0.32637542486190796,0.04969177022576332,0.3204897940158844,0.03867881000041962,0.047755494713783264,0.050252266228199005,0.17129985988140106,0.12804585695266724,4.9263081550598145,3.506821632385254,6.902764320373535,0.9831081032752991,1.019971251487732,2.0452685356140137,0.742757260799408,1.8368422985076904,1.0912805795669556,1.7156625986099243,1.3347879648208618,1.1292314529418945,1.0590050220489502,0.6868138909339905,1.5229967832565308,0.1963277906179428,0.2071894258260727,0.41078653931617737,0.14984799921512604,0.3866117596626282,0.21702393889427185,0.34581881761550903,0.25336623191833496,0.22111250460147858,0.3803912103176117,0.26537659764289856,0.5379193425178528,0.07949945330619812,0.07713422179222107,0.1485646516084671,0.05993830785155296,0.15256115794181824,0.07732025533914566,0.12819382548332214,0.08458447456359863,0.07416103035211563,0.5355244874954224,0.42784184217453003,0.7256531119346619,0.13897860050201416,0.1280435025691986,0.23711122572422028,0.10691506415605545,0.2664317488670349,0.12898342311382294,0.20314335823059082,0.1451050341129303,0.11700581014156342,0.04601794481277466,0.05593748763203621,0.05000963807106018,0.02104509249329567,0.01783622056245804,0.04120911285281181,0.020432740449905396,0.05519389361143112,0.025481637567281723,0.027250666171312332,0.030564822256565094,0.01829543523490429,5.427241325378418,5.821896553039551,5.312554836273193,6.435654163360596,5.993946075439453,5.887458324432373,6.726650238037109,6.897476673126221,6.044336318969727,5.783407211303711,5.78080940246582,5.47011137008667
010213,0.14492559432983398,0.06548545509576797,0.07510640472173691,0.623569667339325,0.4246830940246582,0.057592399418354034,0.2346380650997162,0.042649541050195694,0.04919850081205368,0.06263158470392227,0.1921946108341217,0.12207535654306412,11.711809158325195,16.76272201538086,7.733273506164551,3.1419601440429688,1.8745466470718384,6.3778605461120605,1.9367871284484863,5.0649919509887695,2.527453899383545,4.159653663635254,2.7179512977600098,2.411159038543701,2.7157485485076904,4.246115684509277,1.6547313928604126,0.7386061549186707,0.4216998517513275,1.5718399286270142,0.42281806468963623,1.1712756156921387,0.6499367356300354,1.0162941217422485,0.6025546193122864,0.6205013990402222,1.3080500364303589,2.5600574016571045,0.669503390789032,0.4052148759365082,0.2270355224609375,0.8064160346984863,0.23654980957508087,0.6021983623504639,0.36885178089141846,0.5601708292961121,0.31101077795028687,0.37546640634536743,2.384556293487549,3.7312920093536377,1.1463338136672974,0.5828920602798462,0.34987199306488037,1.4014543294906616,0.4275354743003845,1.0927248001098633,0.5734364986419678,0.9276268482208252,0.4824235439300537,0.5340736508369446,0.5254585146903992,0.3247382938861847,0.25507235527038574,0.06198970600962639,0.07025550305843353,0.24306315183639526,0.1004904955625534,0.23390743136405945,0.06319782137870789,0.15529519319534302,0.0755128562450409,0.04179344326257706,8.764313697814941,8.3974027633667,7.098954677581787,7.548126697540283,8.184370040893555,8.931371688842773,9.322900772094727,9.062204360961914,8.68903923034668,8.98605728149414,7.592705249786377,8.342903137207031
010214,0.1318999081850052,0.087154820561409,0.06706636399030685,0.5665572285652161,0.3548043668270111,0.05701715871691704,0.2783977687358856,0.07714616507291794,0.05256221070885658,0.09122086316347122,0.18085786700248718,0.14293842017650604,14.918564796447754,13.094884872436523,20.737625122070312,3.0642664432525635,2.0181593894958496,9.568183898925781,2.9580166339874268,7.899125576019287,5.267368316650391,4.922980308532715,3.4575531482696533,2.685696601867676,3.42842960357666,2.7376677989959717,4.619243621826172,0.7142120599746704,0.4732758700847626,2.1413092613220215,0.653498649597168,1.7543182373046875,1.2144098281860352,1.124045729637146,0.7665760517120361,0.5810444355010986,1.2893770933151245,1.2666704654693604,1.6902765035629272,0.3015114963054657,0.18507006764411926,0.883969783782959,0.28907230496406555,0.7055461406707764,0.5386238098144531,0.46175673604011536,0.29727277159690857,0.25654295086860657,1.8218306303024292,2.2300002574920654,2.392915725708008,0.4756748378276825,0.2843457758426666,1.4934701919555664,0.5168675184249878,1.1276085376739502,0.944401741027832,0.7326459884643555,0.47693464159965515,0.43204164505004883,0.12386209517717361,0.25602468848228455,0.20998093485832214,0.024674905464053154,0.022784072905778885,0.24663756787776947,0.08229318261146545,0.13765275478363037,0.14160652458667755,0.07126520574092865,0.05260465294122696,0.033539384603500366,5.744769096374512,6.980494976043701,5.636495590209961,6.402142524719238,6.2516984939575195,7.035128593444824,7.460141658782959,6.445098876953125,7.5760321617126465,6.491359233856201,6.262694358825684,6.5729827880859375
010215,0.10070471465587616,0.09206897020339966,0.06896740198135376,0.6091033220291138,0.6173050999641418,0.0613006092607975,0.29497581720352173,0.04158802330493927,0.06438735872507095,0.0690334290266037,0.15694689750671387,0.1274425983428955,13.160106658935547,11.311357498168945,13.443495750427246,2.319052219390869,2.0579490661621094,7.169118881225586,2.3930535316467285,4.781558513641357,4.511005878448486,3.7725038528442383,2.506758451461792,2.617142677307129,2.874720335006714,2.154284954071045,2.7717607021331787,0.4614940285682678,0.37380102276802063,1.433481216430664,0.41948065161705017,0.9254509806632996,0.8760027885437012,0.7381073236465454,0.4093857705593109,0.4591716527938843,1.3771417140960693,1.4626067876815796,1.281660556793213,0.27630192041397095,0.20694763958454132,0.7245835065841675,0.24725936353206635,0.47878751158714294,0.4829956591129303,0.4326161742210388,0.23828795552253723,0.2773776650428772,2.7208502292633057,3.4936203956604004,2.753077983856201,0.5766381025314331,0.49514418840408325,1.6920862197875977,0.6476559638977051,1.118920922279358,1.1583341360092163,0.9673637747764587,0.6235474348068237,0.6921834945678711,0.616857647895813,0.6153002381324768,0.8334875106811523,0.04052241891622543,0.07742735743522644,0.5184539556503296,0.17150689661502838,0.31692075729370117,0.29307201504707336,0.17696502804756165,0.12752611935138702,0.122470922768116,8.798879623413086,10.891637802124023,9.25100040435791,8.36886978149414,8.85161304473877,10.212327003479004,10.697150230407715,9.901546478271484,10.297353744506836,9.622515678405762,9.391068458557129,9.628471374511719
010218,0.15195363759994507,0.04697497934103012,0.062154728919267654,0.6080998778343201,0.36993157863616943,0.08502937853336334,0.23092064261436462,0.05486827716231346,0.0514388382434845,0.09493449330329895,0.1672736257314682,0.09740839898586273,17.814119338989258,16.359050750732422,16.182674407958984,2.8943657875061035,2.622040033340454,8.063901901245117,2.229731321334839,6.021739959716797,3.74592661857605,4.72435998916626,3.232130527496338,3.2486817836761475,4.019804954528809,4.131262302398682,3.7916409969329834,0.7169162631034851,0.6527928709983826,2.00075626373291,0.5627637505531311,1.4409056901931763,0.9307223558425903,1.1435613632202148,0.7624624371528625,0.8096204996109009,1.4798635244369507,2.3211638927459717,1.601306438446045,0.34237125515937805,0.28665903210639954,0.9386254549026489,0.27686721086502075,0.6308366656303406,0.38735276460647583,0.5193565487861633,0.3583482801914215,0.35912320017814636,1.9287645816802979,3.47723126411438,2.646481513977051,0.4336014688014984,0.3543691337108612,1.4980250597000122,0.38951969146728516,0.9329885244369507,0.49978286027908325,0.745575487613678,0.551981508731842,0.43489786982536316,0.09209338575601578,0.2676384747028351,0.4552420377731323,0.017892632633447647,0.021585728973150253,0.17102660238742828,0.018459515646100044,0.08161813020706177,0.022677551954984665,0.07298154383897781,0.08717036992311478,0.01744949445128441,5.33754301071167,8.04917049407959,7.346238136291504,6.404746055603027,6.194243907928467,7.623373508453369,6.977684020996094,6.672935485839844,6.0385308265686035,6.842186450958252,7.501006603240967,6.059042453765869
010219,0.09227658063173294,0.06877066195011139,0.0955045074224472,0.6986074447631836,0.42443782091140747,0.07026907056570053,0.2337174117565155,0.043226610869169235,0.05804286524653435,0.052591707557439804,0.11652408540248871,0.173095241189003,5.37100076675415,33.644535064697266,49.621055603027344,1.907983660697937,3.1109743118286133,11.225651741027832,3.6569111347198486,9.04080581665039,2.092275619506836,9.199991226196289,5.6250176429748535,2.547433614730835,0.8037759065628052,7.213649749755859,9.865872383117676,0.22281023859977722,0.44544732570648193,2.4398272037506104,0.5818589329719543,1.4624714851379395,0.15498483180999756,1.7586405277252197,0.7291792035102844,0.3748011887073517,0.24708805978298187,3.6696510314941406,5.333898544311523,0.13089151680469513,0.20726466178894043,1.1593453884124756,0.32573938369750977,0.8114225268363953,0.0808667317032814,0.9218565821647644,0.41065147519111633,0.15599465370178223,0.5004795789718628,8.754322052001953,14.175128936767578,0.49315956234931946,0.6555893421173096,2.5082931518554688,1.0257759094238281,2.457828998565674,0.485344260931015,2.413407564163208,1.5129671096801758,0.40260785818099976,0.14981284737586975,3.1471540927886963,5.9122843742370605,0.19753554463386536,0.25575771927833557,0.7771336436271667,0.44726890325546265,1.1075639724731445,0.26861894130706787,0.9136152863502502,0.6377374529838562,0.10008276253938675,5.397215366363525,11.588884353637695,12.960501670837402,11.285991668701172,9.716935157775879,9.965636253356934,12.71350383758545,12.573833465576172,11.430442810058594,11.695401191711426,11.95286750793457,7.089776992797852
010220,0.20817364752292633,0.07153420150279999,0.081489697098732,0.7397319078445435,0.5385051965713501,0.05490019544959068,0.4853151738643646,0.0558885857462883,0.05810441076755524,0.07051331549882889,0.22959332168102264,0.1341879516839981,19.89128875732422,32.91529846191406,16.386259078979492,4.47856330871582,3.1006951332092285,19.844453811645508,3.413886785507202,9.484179496765137,6.255302906036377,6.940663814544678,6.008526802062988,6.5002851486206055,5.136674404144287,9.303235054016113,3.717167854309082,1.2556326389312744,0.8194330334663391,5.116415500640869,0.913360059261322,2.464799165725708,1.6416023969650269,1.8980531692504883,1.5928301811218262,1.7243622541427612,2.441363573074341,6.15462589263916,1.7816752195358276,0.7553300857543945,0.47773924469947815,2.8120944499969482,0.5541558265686035,1.3726630210876465,0.9000599980354309,1.0543363094329834,0.8943933844566345,1.104116439819336,3.944317102432251,9.702553749084473,3.5314555168151855,1.0887800455093384,0.6858788132667542,5.246003150939941,0.887912929058075,2.4099063873291016,1.3961727619171143,1.593761920928955,1.3424792289733887,1.7393414974212646,0.46194812655448914,0.47625836730003357,0.9308119416236877,0.04963736608624458,0.0326099768280983,0.90571528673172,0.04526408389210701,0.31718021631240845,0.07056540995836258,0.07976897805929184,0.06520707905292511,0.08367330580949783,8.008275032043457,9.793705940246582,9.40731430053711,8.647477149963379,8.08963680267334,10.152533531188965,8.942362785339355,9.513731956481934,8.096848487854004,8.316302299499512,8.117962837219238,9.077807426452637
010222,0.10742461681365967,0.07669104635715485,0.08802814781665802,0.6239168047904968,0.554203987121582,0.047353364527225494,0.27049365639686584,0.052697934210300446,0.05424928665161133,0.07621869444847107,0.12878839671611786,0.08906352519989014,19.980764389038086,12.484292984008789,9.667661666870117,1.857595443725586,1.110877275466919,8.650891304016113,1.5306603908538818,4.514908313751221,3.541459560394287,2.2807579040527344,1.8046770095825195,1.808464527130127,4.050351142883301,1.9694616794586182,1.895797610282898,0.24883803725242615,0.17468303442001343,1.5782865285873413,0.21569125354290009,0.7727121114730835,0.49386778473854065,0.35095617175102234,0.23925034701824188,0.22681565582752228,1.764225959777832,1.3017807006835938,0.937290370464325,0.19302332401275635,0.11044904589653015,0.8188825249671936,0.15892882645130157,0.5237703323364258,0.3374294340610504,0.2402126044034958,0.20006795227527618,0.18776129186153412,3.5372352600097656,3.432962656021118,2.3016679286956787,0.5809902548789978,0.31631454825401306,2.052495241165161,0.5206141471862793,1.5080018043518066,1.1075624227523804,0.7065920233726501,0.6905301213264465,0.5939241647720337,0.9539247751235962,0.8310635089874268,0.8592694401741028,0.1285715103149414,0.06271149963140488,0.6897100210189819,0.1828090101480484,0.5067075490951538,0.4220654368400574,0.20033062994480133,0.21701030433177948,0.14297819137573242,8.145257949829102,10.474032402038574,10.858993530273438,11.149088859558105,10.267717361450195,10.402280807495117,13.641529083251953,13.449873924255371,13.088299751281738,11.932581901550293,14.42870807647705,11.77183723449707
010223,0.06376267969608307,0.05816783756017685,0.03000309318304062,0.4236231744289398,0.4100375771522522,0.03773697093129158,0.09820951521396637,0.021588606759905815,0.02466856874525547,0.040655795484781265,0.07785754650831223,0.0830545425415039,10.210312843322754,12.543219566345215,20.447471618652344,2.3609507083892822,2.952007532119751,6.610054969787598,2.657623529434204,5.0627875328063965,3.789469003677368,4.611032962799072,3.866304397583008,3.1358189582824707,1.923168420791626,1.7007710933685303,3.971613645553589,0.3798164129257202,0.46335139870643616,1.3297674655914307,0.43492966890335083,0.9464032053947449,0.6451164484024048,0.7182375192642212,0.5679436922073364,0.5506957769393921,0.5987022519111633,0.9126611351966858,1.5826388597488403,0.17022939026355743,0.22246304154396057,0.6222986578941345,0.23220157623291016,0.41473978757858276,0.333103746175766,0.39973247051239014,0.32197484374046326,0.2451779842376709,0.8007453083992004,3.2246594429016113,3.168222427368164,0.4772999882698059,0.6934365034103394,1.4185787439346313,0.7083355188369751,0.9635048508644104,0.9651573896408081,1.2889659404754639,1.0894334316253662,0.6658303737640381,0.05223189666867256,1.222340703010559,0.9568853974342346,0.13144640624523163,0.21634671092033386,0.45272061228752136,0.2587963044643402,0.3132810890674591,0.365584135055542,0.4895058274269104,0.37096351385116577,0.20402102172374725,4.497219085693359,11.148017883300781,7.618120193481445,8.661248207092285,9.938729286193848,9.657984733581543,11.518985748291016,8.837976455688477,11.301470756530762,12.05217456817627,11.64409065246582,9.315423965454102
010224,0.1864110827445984,0.13495109975337982,0.058900486677885056,0.7163640260696411,0.6515451669692993,0.08718670904636383,0.30365216732025146,0.05270836502313614,0.09373001009225845,0.11087310314178467,0.24157127737998962,0.17549370229244232,13.267654418945312,11.770848274230957,8.81148624420166,2.210707187652588,1.2784364223480225,3.9610865116119385,1.9239906072616577,2.595484972000122,4.482413291931152,2.955040216445923,3.1765754222869873,2.436251640319824,2.94956636428833,1.9879295825958252,1.8703383207321167,0.5208083987236023,0.26803240180015564,0.7672050595283508,0.36184194684028625,0.5237587094306946,0.6883496046066284,0.6048564314842224,0.5465049743652344,0.4796546697616577,1.0683109760284424,1.156697154045105,0.7370278835296631,0.22163142263889313,0.11059460043907166,0.32604438066482544,0.1642061471939087,0.27326735854148865,0.367261677980423,0.26761266589164734,0.2849382758140564,0.1803084760904312,1.5259507894515991,2.92765474319458,1.273526668548584,0.3619753122329712,0.22287458181381226,0.694084107875824,0.40202808380126953,0.6079745888710022,1.1690342426300049,0.5493208765983582,0.7761932015419006,0.36318239569664,0.15406523644924164,0.9631726741790771,0.27231401205062866,0.03935575485229492,0.05671549588441849,0.22480261325836182,0.15023137629032135,0.1745428740978241,0.5503113269805908,0.15081867575645447,0.29170480370521545,0.10330381244421005,5.68286657333374,10.633437156677246,6.929117679595947,6.966751575469971,8.008065223693848,8.391820907592773,9.823044776916504,10.00758171081543,12.310677528381348,8.458902359008789,10.938865661621094,7.351950168609619
010226,0.23694810271263123,0.07671698927879333,0.06307991594076157,0.5237262845039368,0.5857198238372803,0.06718415021896362,0.24351102113723755,0.05762375518679619,0.05760425701737404,0.09776867181062698,0.1784711629152298,0.1258271485567093,16.985307693481445,16.883987426757812,17.292396545410156,1.9518609046936035,1.6829804182052612,6.698639392852783,1.8596460819244385,7.354404926300049,5.902975082397461,2.50685977935791,3.311739921569824,3.158388137817383,3.4559788703918457,2.7875943183898926,3.7395849227905273,0.39320915937423706,0.3608081340789795,1.3975409269332886,0.36209988594055176,1.525529146194458,1.246759057044983,0.4949232339859009,0.686960756778717,0.5908516049385071,1.2816150188446045,1.3593008518218994,1.4398046731948853,0.2077091485261917,0.16718648374080658,0.6260743141174316,0.15866349637508392,0.6310605406761169,0.5130683779716492,0.2499793916940689,0.35083648562431335,0.25890371203422546,1.9328466653823853,2.734945058822632,2.2855398654937744,0.36959126591682434,0.29688629508018494,1.22019362449646,0.31192252039909363,1.075758934020996,0.881059467792511,0.488557368516922,0.6550816893577576,0.47857895493507385,0.23358464241027832,0.5334571003913879,0.37345364689826965,0.03318127617239952,0.04391874000430107,0.2994590699672699,0.07277294248342514,0.18006077408790588,0.1520397961139679,0.08671056479215622,0.09361434727907181,0.07908908277750015,5.620218276977539,7.005128860473633,6.360745429992676,7.237722873687744,7.40883207321167,8.171586036682129,7.592216968536377,6.693966388702393,6.825223922729492,7.975042819976807,7.861515998840332,6.695326328277588
010227,0.18696382641792297,0.06747199594974518,0.07564960420131683,0.6950445175170898,0.4726390540599823,0.0575869083404541,0.38735294342041016,0.046488113701343536,0.06461090594530106,0.08466877788305283,0.12873324751853943,0.11987365782260895,15.104222297668457,13.697895050048828,21.79827308654785,2.643040180206299,2.1747801303863525,7.153453350067139,2.3789772987365723,5.630117893218994,4.544559001922607,4.114485263824463,3.2964394092559814,2.7292160987854004,3.4722914695739746,3.104703664779663,4.891690254211426,0.6285732388496399,0.5303426384925842,1.5434015989303589,0.5226730108261108,1.2158169746398926,0.9878677725791931,0.9089376926422119,0.6881604194641113,0.5968002080917358,1.355178713798523,1.4120429754257202,1.7759757041931152,0.2612912952899933,0.19714568555355072,0.6207948923110962,0.2145998626947403,0.48827698826789856,0.42808547616004944,0.37425512075424194,0.26367712020874023,0.22921155393123627,1.9443961381912231,2.091010808944702,2.4440250396728516,0.36758652329444885,0.25252893567085266,1.0257986783981323,0.33492475748062134,0.8099009990692139,0.7455130219459534,0.5626959800720215,0.4344506859779358,0.3455142080783844,0.14559072256088257,0.1029261127114296,0.1820565164089203,0.017460910603404045,0.011570565402507782,0.17011182010173798,0.03726252540946007,0.13628146052360535,0.13206078112125397,0.045592937618494034,0.07332760095596313,0.04246214032173157,5.930679798126221,6.315725326538086,5.516775131225586,6.085330009460449,5.621317386627197,6.662175178527832,6.335834980010986,6.688417434692383,7.282290935516357,6.09250020980835,6.3337273597717285,6.051523685455322
010228,0.1584380567073822,0.06612301617860794,0.05709540471434593,0.40421441197395325,0.29263070225715637,0.04984879121184349,0.12078753858804703,0.029289137572050095,0.024480855092406273,0.06351479142904282,0.09902311861515045,0.11181569844484329,14.803634643554688,11.208039283752441,17.979202270507812,2.339111328125,1.8212878704071045,7.042679309844971,2.411677360534668,5.084259986877441,5.3460259437561035,4.3503947257995605,3.417541265487671,3.104617118835449,3.2772481441497803,2.725416421890259,4.0756120681762695,0.5445792078971863,0.43654176592826843,1.61106538772583,0.5486438870429993,1.128174901008606,1.2930887937545776,1.065413236618042,0.8051812052726746,0.7686721086502075,1.129909873008728,1.0077258348464966,1.493499517440796,0.21071061491966248,0.16343218088150024,0.59433513879776,0.20071306824684143,0.3943777084350586,0.4721795618534088,0.4155369699001312,0.30364230275154114,0.25747019052505493,1.4375499486923218,1.297389268875122,2.0805561542510986,0.2879531979560852,0.2092457115650177,0.8410205841064453,0.27471816539764404,0.5289087891578674,0.6275815963745117,0.5706407427787781,0.4094235897064209,0.28113311529159546,0.06946759670972824,0.14884892106056213,0.18399228155612946,0.036902811378240585,0.02714235894382,0.09541784971952438,0.03500396013259888,0.05542402341961861,0.05454479902982712,0.05000273883342743,0.049531202763319016,0.014779291115701199,5.066040515899658,5.911126613616943,5.6742329597473145,6.096331596374512,5.950500965118408,5.888742446899414,5.817853927612305,5.443467617034912,5.8110175132751465,6.157292366027832,5.989444255828857,5.126025676727295
010230,0.10423784703016281,0.09484957903623581,0.05436551570892334,0.46013015508651733,0.6295667290687561,0.07546036690473557,0.21384012699127197,0.04219133406877518,0.07122664898633957,0.11428005993366241,0.1383543610572815,0.13795021176338196,43.73351287841797,61.25221633911133,31.279510498046875,9.788554191589355,4.082859039306641,23.66651153564453,6.474741458892822,17.54717254638672,11.204187393188477,12.293227195739746,5.6748046875,6.454875946044922,12.126404762268066,16.39273452758789,7.835336685180664,3.0405430793762207,1.2786917686462402,6.566812515258789,1.8604236841201782,5.165140628814697,3.3097915649414062,3.7260608673095703,1.6009949445724487,1.8987537622451782,5.921276092529297,10.72530746459961,3.439321517944336,1.811348557472229,0.7227064371109009,3.5072309970855713,1.1196414232254028,2.7447071075439453,1.840154767036438,2.1620044708251953,0.9460397958755493,1.196937918663025,9.175968170166016,16.533803939819336,5.194279193878174,2.3774526119232178,0.7842977046966553,5.61132287979126,1.6214934587478638,4.054909706115723,2.6326887607574463,3.076491117477417,1.2180980443954468,1.5179156064987183,0.7216169238090515,0.7642698287963867,0.44061949849128723,0.09324736893177032,0.020238731056451797,0.4485923945903778,0.07334107160568237,0.20024004578590393,0.12120932340621948,0.13883323967456818,0.04568181931972504,0.053088776767253876,8.10336971282959,9.116877555847168,6.969959259033203,8.788429260253906,7.6628289222717285,8.745969772338867,8.829366683959961,8.46419620513916,8.540118217468262,8.92226505279541,7.993009090423584,8.504246711730957
010231,0.12878702580928802,0.09684374928474426,0.07506455481052399,0.5476510524749756,0.6538398265838623,0.06593912839889526,0.24866299331188202,0.06306569278240204,0.06409218162298203,0.13598574697971344,0.17795050144195557,0.20229604840278625,10.64148998260498,9.46860122680664,12.408232688903809,2.346796751022339,1.8878321647644043,5.962497711181641,2.226508378982544,5.175729274749756,4.861954689025879,2.815962314605713,3.1360814571380615,2.631558418273926,2.4878244400024414,2.260064125061035,2.795612096786499,0.5588620901107788,0.43567514419555664,1.4117013216018677,0.5304017663002014,1.201049566268921,1.1559327840805054,0.7077851891517639,0.7468252778053284,0.6312766671180725,0.9389207363128662,1.053710699081421,0.9949395060539246,0.24964681267738342,0.21085286140441895,0.5863320231437683,0.2424095869064331,0.4707998037338257,0.5101953148841858,0.3912838101387024,0.34606561064720154,0.2968854606151581,1.2872951030731201,1.5570645332336426,1.3098902702331543,0.36463433504104614,0.31120529770851135,0.9304860830307007,0.38428154587745667,0.6807326674461365,0.8113723993301392,0.6642259359359741,0.5436390042304993,0.4513954520225525,0.07312966138124466,0.07704649120569229,0.06474445760250092,0.020439213141798973,0.01949620246887207,0.12952755391597748,0.04137975722551346,0.05963137000799179,0.0946422666311264,0.06839492917060852,0.053530000150203705,0.032651398330926895,5.698002338409424,6.654772758483887,5.275304317474365,6.497354984283447,6.715240001678467,6.9721221923828125,7.201335906982422,6.073951721191406,7.113032341003418,8.761789321899414,7.1637139320373535,6.967500686645508
010232,0.1741436868906021,0.10712838172912598,0.0897994264960289,0.6796301007270813,0.5815128684043884,0.07021792232990265,0.292336642742157,0.05195034295320511,0.08004700392484665,0.11737366020679474,0.18108338117599487,0.11077769845724106,23.049734115600586,23.447216033935547,20.5614070892334,3.403825044631958,3.59661602973938,7.255281448364258,2.6639397144317627,4.4240288734436035,8.501604080200195,6.532576560974121,5.492798805236816,4.682653427124023,5.291155815124512,4.604693412780762,4.534180164337158,0.846063494682312,0.8477902412414551,1.5232142210006714,0.5732506513595581,1.0045775175094604,1.8210698366165161,1.5265498161315918,1.1816624402999878,1.015710711479187,2.1124839782714844,2.4835307598114014,1.983242392539978,0.39604902267456055,0.4135594069957733,0.7846803069114685,0.2943611145019531,0.4808739721775055,0.8977715373039246,0.7190216183662415,0.5971252918243408,0.48559990525245667,3.373739719390869,5.692189693450928,3.817214250564575,0.6206977367401123,0.7341300845146179,1.8417766094207764,0.6361333131790161,0.9494510889053345,1.9947184324264526,1.24344801902771,1.23521089553833,0.9787881374359131,0.5180235505104065,1.423890471458435,0.992725133895874,0.03751261532306671,0.1169038936495781,0.6208397150039673,0.16026504337787628,0.21940816938877106,0.5870714783668518,0.183354452252388,0.2708776295185089,0.2244926542043686,6.7596211433410645,9.890297889709473,8.450167655944824,7.178426742553711,8.33942699432373,11.137312889099121,9.916893005371094,9.115992546081543,10.159231185913086,7.876885890960693,9.233904838562012,8.884832382202148
010233,0.15920810401439667,0.07138678431510925,0.060640349984169006,0.557219386100769,0.5361751914024353,0.0631982833147049,0.30856457352638245,0.04692564532160759,0.05169110745191574,0.07474437355995178,0.1711956113576889,0.12624499201774597,7.468335151672363,6.467655658721924,10.661796569824219,1.3245388269424438,1.2926177978515625,4.561391353607178,1.1177268028259277,3.598365545272827,2.9441678524017334,2.178831100463867,1.5166358947753906,1.251426100730896,1.780635952949524,1.7130252122879028,2.43127179145813,0.3471892774105072,0.34162014722824097,1.12348473072052,0.2899097204208374,0.8725206255912781,0.7560520172119141,0.556220531463623,0.3824860751628876,0.3196105659008026,0.7017203569412231,0.7831584215164185,0.9422430992126465,0.1392710655927658,0.13619713485240936,0.45800793170928955,0.11890043318271637,0.34731969237327576,0.30229562520980835,0.23102529346942902,0.13961200416088104,0.12458623200654984,0.9975054860115051,1.041752815246582,1.4137226343154907,0.17463548481464386,0.16659066081047058,0.6705955862998962,0.16088712215423584,0.4983040690422058,0.4054916501045227,0.31113195419311523,0.16258524358272552,0.15029191970825195,0.07207128405570984,0.04730619490146637,0.1741028130054474,0.007761417422443628,0.007454114034771919,0.06318212300539017,0.010351861827075481,0.04629477486014366,0.021219177171587944,0.01496872678399086,0.007136235479265451,0.006531603634357452,6.082226753234863,6.733515739440918,6.246621608734131,6.080546855926514,6.033115863800049,6.5589518547058105,6.418989181518555,6.329387187957764,6.197741985321045,6.2807841300964355,5.480676651000977,5.781867504119873
010234,0.11612405627965927,0.04969966039061546,0.05591939762234688,1.0005170106887817,0.4280528426170349,0.04760518670082092,0.2863959074020386,0.04270597919821739,0.04886215180158615,0.051870524883270264,0.13924144208431244,0.07821640372276306,25.030038833618164,17.59186553955078,15.538444519042969,3.950144052505493,2.643245220184326,7.8812994956970215,3.467045783996582,6.924562931060791,7.277656555175781,7.156214237213135,6.039173603057861,4.065003871917725,5.161600112915039,2.802778720855713,2.9639875888824463,0.5759692788124084,0.4143064618110657,1.4277830123901367,0.5639835000038147,1.247275471687317,1.3356953859329224,1.1289827823638916,0.8561383485794067,0.6422411799430847,1.9172389507293701,1.6084821224212646,1.4285070896148682,0.3662970960140228,0.2703133821487427,0.7167807817459106,0.3391685485839844,0.7573097348213196,0.6759706139564514,0.649678647518158,0.6428292393684387,0.30566614866256714,3.176239490509033,4.348913192749023,3.4947879314422607,1.1189122200012207,0.8429235816001892,1.833491325378418,0.9792355895042419,2.084425210952759,1.683342456817627,1.9226363897323608,2.0455520153045654,0.8594961762428284,0.5283879637718201,1.1184988021850586,1.2926424741744995,0.2871704399585724,0.18862216174602509,0.6400038003921509,0.2973059415817261,0.6970400810241699,0.47834959626197815,0.6423031091690063,0.5797948837280273,0.22710099816322327,6.169154167175293,9.815069198608398,10.348071098327637,10.769658088684082,11.468221664428711,10.356734275817871,11.373003959655762,12.42411994934082,9.754312515258789,11.223445892333984,12.711155891418457,8.814230918884277
010236,0.17486754059791565,0.08990605175495148,0.08308649808168411,0.7436173558235168,0.3148185610771179,0.05409154295921326,0.31046202778816223,0.05890713632106781,0.05771053209900856,0.07913070917129517,0.22292087972164154,0.12035629898309708,15.481731414794922,8.915251731872559,11.97812271118164,2.0042226314544678,1.7697665691375732,4.8613739013671875,1.8693150281906128,3.87314772605896,3.6824758052825928,3.020375967025757,2.1140918731689453,2.326188564300537,3.3076817989349365,1.8089473247528076,2.650527238845825,0.44683605432510376,0.3877726197242737,1.0661712884902954,0.3726000189781189,0.8427944183349609,0.7634506225585938,0.6697869896888733,0.4779881536960602,0.4887550473213196,1.2471169233322144,0.8040006160736084,1.012954592704773,0.19454531371593475,0.17426295578479767,0.46982473134994507,0.15999667346477509,0.3631129264831543,0.32589393854141235,0.29978498816490173,0.21024896204471588,0.19334277510643005,1.961382508277893,1.4582092761993408,1.5558338165283203,0.33698412775993347,0.3247512876987457,0.8780067563056946,0.3228207230567932,0.6515198349952698,0.6203194260597229,0.5605614185333252,0.3570089042186737,0.32920652627944946,0.319327175617218,0.2876025438308716,0.22251839935779572,0.05234531685709953,0.056513525545597076,0.20921821892261505,0.08995558321475983,0.13799329102039337,0.15407906472682953,0.11935273557901382,0.05502106994390488,0.06445975601673126,6.199197292327881,7.299262523651123,6.233191013336182,7.290759086608887,7.783504962921143,8.147980690002441,8.054314613342285,7.612188816070557,7.785064220428467,8.13111686706543,7.321834087371826,6.745227336883545
010238,0.14025327563285828,0.07024218142032623,0.06716103106737137,0.4769827425479889,0.30548107624053955,0.07160641998052597,0.2389991283416748,0.06374295800924301,0.06887155026197433,0.09819819778203964,0.17572765052318573,0.1326175481081009,9.958853721618652,7.159167766571045,7.222281455993652,1.862536907196045,1.5294926166534424,4.050115585327148,2.0043091773986816,2.6291537284851074,3.560157060623169,2.5951802730560303,2.1036829948425293,1.8629415035247803,2.195448398590088,1.4293488264083862,1.491033673286438,0.35181841254234314,0.333262175321579,0.8464624881744385,0.37391242384910583,0.4715690314769745,0.746726930141449,0.5703395009040833,0.4245644509792328,0.3628842532634735,0.8866130113601685,0.6774104833602905,0.6660922765731812,0.1439252495765686,0.15327700972557068,0.38441792130470276,0.15938201546669006,0.2211546003818512,0.33902379870414734,0.25224363803863525,0.2050836980342865,0.15591488778591156,1.5098028182983398,1.1794570684432983,1.4221891164779663,0.24712243676185608,0.2759200632572174,0.7562482357025146,0.31154876947402954,0.5207269787788391,0.6381613612174988,0.4112468361854553,0.37235793471336365,0.2830846905708313,0.3189045190811157,0.24010473489761353,0.4713211953639984,0.05584210902452469,0.06390321254730225,0.20124398171901703,0.08813121914863586,0.19119353592395782,0.15356957912445068,0.06452371180057526,0.07229254394769669,0.07083219289779663,7.166372776031494,7.36550235748291,9.224200248718262,6.529682636260986,8.105093002319336,8.454523086547852,7.4824538230896,9.358867645263672,8.067696571350098,7.0394792556762695,7.650073051452637,7.2494707107543945
010239,0.10669013857841492,0.06502571702003479,0.03575138375163078,0.2885824143886566,0.19246746599674225,0.045313626527786255,0.1436099261045456,0.02804531157016754,0.03283132612705231,0.0566650927066803,0.1131146252155304,0.07980862259864807,4.895167827606201,4.708146572113037,6.604440689086914,1.1910045146942139,0.8080551624298096,2.194518804550171,1.0019407272338867,2.257791757583618,1.6278880834579468,1.8951352834701538,1.5842193365097046,1.1187002658843994,1.074286937713623,0.8122327923774719,1.4125248193740845,0.24181093275547028,0.18106743693351746,0.4569707214832306,0.1870826929807663,0.4441869556903839,0.29994678497314453,0.36748749017715454,0.30287498235702515,0.2271094024181366,0.4269225299358368,0.3320014178752899,0.5715017914772034,0.10593431442975998,0.075452521443367,0.2205633670091629,0.08658669143915176,0.20741300284862518,0.15634296834468842,0.16399958729743958,0.1397075355052948,0.1049003154039383,0.7110135555267334,0.7427583336830139,1.079126238822937,0.2196345329284668,0.16227354109287262,0.5031030774116516,0.21782031655311584,0.49910256266593933,0.4308905005455017,0.4006640315055847,0.3539184033870697,0.25104478001594543,0.129500612616539,0.25655531883239746,0.29887789487838745,0.05727831646800041,0.04691198095679283,0.17177371680736542,0.083182193338871,0.18833917379379272,0.18036310374736786,0.15104952454566956,0.13158896565437317,0.08673553913831711,6.823634624481201,7.832635402679443,7.853893280029297,8.312357902526855,9.13461685180664,10.36644172668457,10.172163009643555,10.324342727661133,12.138131141662598,9.972609519958496,10.321951866149902,10.21110725402832
010240,0.09247812628746033,0.10057447105646133,0.06318666785955429,0.8279559016227722,0.599781334400177,0.05917087942361832,0.19501599669456482,0.058967188000679016,0.047004688531160355,0.1137002483010292,0.24039776623249054,0.12748010456562042,15.511737823486328,8.943587303161621,9.295110702514648,2.2981975078582764,1.7012367248535156,5.260000705718994,1.3369730710983276,4.323060512542725,3.5321502685546875,3.011815309524536,2.1690449714660645,2.367717742919922,3.687279224395752,2.2079479694366455,2.158979654312134,0.611960768699646,0.45588570833206177,1.2823513746261597,0.35857537388801575,1.0835627317428589,0.9080885052680969,0.7152515053749084,0.519037127494812,0.5904278755187988,1.3169689178466797,0.8170819282531738,0.780953586101532,0.2095247060060501,0.14329515397548676,0.49909508228302,0.13133226335048676,0.43860694766044617,0.33728015422821045,0.23830103874206543,0.17841719090938568,0.18772123754024506,1.6885677576065063,1.0010920763015747,1.0420992374420166,0.23251567780971527,0.1513371467590332,0.7116239070892334,0.16505149006843567,0.6542659997940063,0.4381529688835144,0.2864496409893036,0.23595082759857178,0.21414373815059662,0.08142637461423874,0.04572690278291702,0.06210751831531525,0.009959321469068527,0.011067379266023636,0.06844393163919449,0.013240279629826546,0.08101765066385269,0.03050491213798523,0.018356142565608025,0.031527601182460785,0.020054331049323082,5.421867847442627,5.548211097717285,5.504542827606201,5.431559085845947,5.279789447784424,6.2785539627075195,6.09124231338501,6.85696268081665,5.979534149169922,5.185772895812988,5.791617393493652,5.263237953186035
010241,0.12913239002227783,0.07465191930532455,0.07298056036233902,0.6033440828323364,0.6038347482681274,0.07047267258167267,0.22297601401805878,0.06668750196695328,0.05918201431632042,0.09267252683639526,0.15796679258346558,0.13661417365074158,11.197590827941895,12.114176750183105,18.740190505981445,2.2403788566589355,2.626905679702759,3.304414749145508,1.6337082386016846,5.40217924118042,3.702197551727295,4.496016025543213,3.123053550720215,2.414407253265381,2.468567371368408,2.640000343322754,4.255937576293945,0.5234997868537903,0.6476959586143494,0.7536659240722656,0.36595433950424194,1.2484304904937744,0.8438583016395569,1.0234147310256958,0.7295866012573242,0.5420997142791748,0.8864277005195618,1.1289920806884766,1.6445152759552002,0.20304368436336517,0.2485039085149765,0.33914241194725037,0.1516633927822113,0.4895322918891907,0.3634878993034363,0.4198654890060425,0.3007828891277313,0.20006147027015686,1.268120288848877,2.042325019836426,2.597893238067627,0.35362672805786133,0.4139931797981262,0.6765342950820923,0.29060351848602295,0.8054109215736389,0.6903114318847656,0.7498165369033813,0.5487297773361206,0.3433173596858978,0.13216298818588257,0.33933502435684204,0.4237042963504791,0.06006466597318649,0.06188679859042168,0.17987871170043945,0.06787305325269699,0.1474970430135727,0.16286396980285645,0.13912023603916168,0.10245838016271591,0.06208590418100357,5.642116069793701,7.322104454040527,6.594264030456543,7.158130168914795,7.113582134246826,9.103649139404297,8.053449630737305,7.002439022064209,8.3460054397583,7.459029197692871,7.73948335647583,6.7534003257751465
010242,0.08388229459524155,0.060076743364334106,0.0473627969622612,0.4264311194419861,0.31191954016685486,0.054651811718940735,0.19488650560379028,0.04229649528861046,0.04240596666932106,0.0779985561966896,0.12885937094688416,0.105393186211586,9.796099662780762,6.570226192474365,5.221620082855225,1.4728697538375854,1.0421762466430664,2.1744959354400635,1.5248180627822876,1.0650397539138794,2.7967710494995117,1.8679583072662354,1.4376202821731567,1.7722866535186768,2.180414915084839,1.4499361515045166,1.14481520652771,0.33034759759902954,0.2618861794471741,0.4550676941871643,0.3425614833831787,0.2085145264863968,0.6344729065895081,0.4196246564388275,0.3163210451602936,0.40541544556617737,0.8984707593917847,0.7479550242424011,0.4987429678440094,0.17155981063842773,0.12085705995559692,0.23561598360538483,0.1609847992658615,0.11008548736572266,0.29626479744911194,0.20966145396232605,0.1663939505815506,0.19654050469398499,1.474345088005066,1.3086479902267456,0.9382389187812805,0.2980654835700989,0.18330541253089905,0.5329108238220215,0.2931768298149109,0.24997541308403015,0.5346667766571045,0.381239652633667,0.31258538365364075,0.33117055892944336,0.24525490403175354,0.1939285844564438,0.23183025419712067,0.031035512685775757,0.014312838204205036,0.16878771781921387,0.05673139914870262,0.07394669950008392,0.10916102677583694,0.0604114830493927,0.052049025893211365,0.04583336040377617,6.8961100578308105,8.025510787963867,8.178410530090332,7.789907455444336,7.167186260223389,10.660534858703613,8.196581840515137,10.058778762817383,8.261213302612305,8.246000289916992,8.624594688415527,7.7015604972839355
010243,0.07727708667516708,0.05697549879550934,0.05029693990945816,0.22089670598506927,0.3922947347164154,0.05484048277139664,0.1182904839515686,0.02979162149131298,0.04102848470211029,0.06215578690171242,0.09463717043399811,0.11713417619466782,3.989924907684326,5.369278907775879,7.143399238586426,1.162498950958252,0.8260023593902588,2.4016122817993164,0.8751184344291687,2.2301089763641357,1.073364019393921,2.201939582824707,1.471834659576416,1.142848014831543,0.9306831955909729,1.0956034660339355,1.3922868967056274,0.23121941089630127,0.16530105471611023,0.5170822143554688,0.16579873859882355,0.41414308547973633,0.2070220708847046,0.4323345124721527,0.25841110944747925,0.21754279732704163,0.424448698759079,0.6173814535140991,0.7170054316520691,0.1381916105747223,0.0981149822473526,0.270571768283844,0.10072559863328934,0.2195303738117218,0.12099917978048325,0.23611202836036682,0.1706511378288269,0.12452878803014755,0.7297860980033875,1.2513978481292725,1.8118690252304077,0.28003981709480286,0.18870505690574646,0.5855922102928162,0.23969906568527222,0.5265007615089417,0.28526246547698975,0.5213738679885864,0.4472212791442871,0.26118987798690796,0.12369996309280396,0.3216879367828369,0.7180900573730469,0.06144912913441658,0.03554457798600197,0.1710492968559265,0.07346225529909134,0.18039941787719727,0.08919112384319305,0.15274661779403687,0.15040908753871918,0.06392760574817657,7.835322856903076,9.751523971557617,11.602811813354492,9.615760803222656,9.017366409301758,10.440860748291016,11.361266136169434,10.461194038391113,11.187101364135742,10.1204252243042,12.549419403076172,9.43176555633545
010244,0.0843353420495987,0.06179763749241829,0.07457312196493149,0.6093888282775879,0.33770617842674255,0.07287925481796265,0.22395211458206177,0.04706920310854912,0.057142406702041626,0.07389538735151291,0.13646191358566284,0.0841699168086052,14.246048927307129,20.527074813842773,26.28295135498047,4.549678802490234,3.8286402225494385,9.748519897460938,3.6136584281921387,8.8544340133667,7.271185874938965,6.2036848068237305,7.138497352600098,4.09083890914917,3.1080615520477295,4.054782390594482,5.476986885070801,0.8849564790725708,0.7068153023719788,1.945044755935669,0.6825880408287048,1.7938083410263062,1.4387128353118896,1.2201956510543823,1.322322964668274,0.8122902512550354,1.5986268520355225,2.8402328491210938,2.792485475540161,0.6059319376945496,0.49891436100006104,1.2075809240341187,0.49052876234054565,1.0585315227508545,0.9433242678642273,0.8393325805664062,1.085093379020691,0.5573968887329102,3.453577756881714,6.406253337860107,6.536070346832275,1.3916023969650269,1.2006148099899292,3.1002936363220215,1.2532005310058594,2.541947364807129,2.348968267440796,2.0376384258270264,2.710838794708252,1.3211252689361572,0.9085877537727356,0.9320369958877563,2.2089974880218506,0.1752464324235916,0.16068315505981445,1.002636432647705,0.2918262481689453,0.7005482316017151,0.6028157472610474,0.4170849025249481,0.44196802377700806,0.19830447435379028,10.136134147644043,10.667028427124023,10.964132308959961,10.259404182434082,10.466731071472168,12.979284286499023,12.629302978515625,11.490132331848145,12.30660343170166,11.806903839111328,12.527395248413086,10.996293067932129
010245,0.08883488923311234,0.0681253969669342,0.035332657396793365,0.3330603241920471,0.27604395151138306,0.0433630608022213,0.1599300503730774,0.053617555648088455,0.031283847987651825,0.06259365379810333,0.10811880230903625,0.14050084352493286,6.448665142059326,9.573867797851562,5.7878828048706055,1.0828983783721924,0.7841005921363831,3.6252286434173584,1.1328095197677612,2.9560933113098145,1.5901888608932495,2.9471020698547363,2.2653629779815674,1.0625203847885132,1.5218303203582764,2.1374998092651367,1.2090147733688354,0.2617338001728058,0.16900677978992462,0.8984450697898865,0.203657329082489,0.6428786516189575,0.3580453395843506,0.6013689637184143,0.4663812816143036,0.21735477447509766,0.7343969941139221,1.00380277633667,0.5375240445137024,0.16172753274440765,0.09399472922086716,0.469794899225235,0.10204561799764633,0.31892529129981995,0.1992078572511673,0.2689691483974457,0.24048329889774323,0.12692175805568695,1.4092665910720825,1.5825321674346924,1.1022170782089233,0.2744711637496948,0.17309825122356415,0.8859735727310181,0.228369802236557,0.6088023781776428,0.39564549922943115,0.47278332710266113,0.4805077016353607,0.23157437145709991,0.3284335434436798,0.21769028902053833,0.33039483428001404,0.024574151262640953,0.025063565000891685,0.18451392650604248,0.07343120872974396,0.13807418942451477,0.09628487378358841,0.08651731163263321,0.1265873908996582,0.033008892089128494,9.303807258605957,7.135540962219238,8.803352355957031,9.009737014770508,8.525338172912598,9.896998405456543,9.146161079406738,8.786441802978516,10.220033645629883,7.147640705108643,9.196572303771973,8.379220008850098
010246,0.11518098413944244,0.05111978203058243,0.04680710658431053,0.8398318290710449,0.23285749554634094,0.04119841381907463,0.15647204220294952,0.02903600223362446,0.03172563761472702,0.04794197529554367,0.07704377174377441,0.07399838417768478,16.21712875366211,35.7111701965332,15.83468246459961,6.259933948516846,2.980189800262451,20.113323211669922,3.6812663078308105,16.343103408813477,8.997398376464844,7.808354377746582,7.070493698120117,4.199241638183594,3.766897201538086,9.511724472045898,3.5932438373565674,1.611476182937622,0.7027921676635742,5.027361869812012,0.9321754574775696,4.171695232391357,2.2196006774902344,2.014484167098999,1.7724783420562744,1.0064424276351929,1.972311019897461,6.168160438537598,1.7781872749328613,1.0879179239273071,0.4964601993560791,2.7218711376190186,0.625699520111084,2.355401039123535,1.3458211421966553,1.2730436325073242,1.2607226371765137,0.7138867974281311,3.7479946613311768,9.668571472167969,3.480400323867798,1.773730754852295,0.8085049390792847,5.015847682952881,1.084889531135559,4.138411521911621,2.403306245803833,2.1819558143615723,2.2425484657287598,1.1509371995925903,0.7574936151504517,0.480354368686676,0.8363017439842224,0.09042317420244217,0.04069017991423607,0.836742103099823,0.0813388079404831,0.49275171756744385,0.2741182744503021,0.16372476518154144,0.17197637259960175,0.057787202298641205,9.377284049987793,9.174002647399902,9.342719078063965,9.404433250427246,9.021008491516113,9.655059814453125,9.87392520904541,9.338807106018066,9.582961082458496,9.551139831542969,10.38554859161377,9.106513977050781
010249,0.0703725814819336,0.06021568924188614,0.051504649221897125,1.1231034994125366,0.3320159614086151,0.05212061107158661,0.28665873408317566,0.0454193651676178,0.03297067806124687,0.05127914994955063,0.11798178404569626,0.10406067967414856,36.50086212158203,49.574867248535156,47.58442687988281,7.810443878173828,6.7578325271606445,18.569644927978516,7.442965030670166,14.597935676574707,15.498907089233398,15.024816513061523,15.275747299194336,9.571928977966309,8.81518840789795,11.12958812713623,10.311301231384277,1.9278643131256104,1.6909770965576172,4.202903747558594,1.7780802249908447,3.401912212371826,3.750617504119873,3.516265630722046,3.4848110675811768,2.199989080429077,4.192561626434326,5.370589256286621,4.9243879318237305,1.2666453123092651,1.1305932998657227,2.3274693489074707,1.1135460138320923,1.8954535722732544,2.1307930946350098,2.0429916381835938,2.2092478275299072,1.2845340967178345,7.701026916503906,8.34957218170166,10.308835983276367,2.2115542888641357,1.9033788442611694,5.063609600067139,2.256460189819336,3.8174619674682617,4.054249286651611,3.9159553050994873,4.359992027282715,2.271845579147339,1.609826683998108,0.920391857624054,3.0504841804504395,0.1955624371767044,0.14756014943122864,1.41135573387146,0.4773675203323364,0.8695254325866699,0.7287600040435791,0.7252015471458435,0.721196711063385,0.2749428153038025,8.934288024902344,7.047982692718506,9.637547492980957,9.720792770385742,9.604639053344727,11.258869171142578,11.516162872314453,10.467483520507812,10.0595121383667,10.042296409606934,10.452776908874512,8.833867073059082
010250,0.08426414430141449,0.05217409506440163,0.042212262749671936,0.3969932794570923,0.2220544070005417,0.03241150453686714,0.15057781338691711,0.03519633039832115,0.03178892657160759,0.030737150460481644,0.09732607007026672,0.09065140038728714,20.540178298950195,15.861252784729004,8.843125343322754,2.45436429977417,1.862394094467163,3.508713722229004,2.153000593185425,1.9900262355804443,5.918299198150635,5.168485641479492,4.324628829956055,2.451822280883789,4.473926067352295,2.4990479946136475,1.8048465251922607,0.45815446972846985,0.36133500933647156,0.5952462553977966,0.3533596098423004,0.3446365296840668,0.9242875576019287,0.8759690523147583,0.6325739026069641,0.5168371796607971,2.140225410461426,1.6916768550872803,0.8876693248748779,0.32902002334594727,0.2375328540802002,0.37896937131881714,0.2419310361146927,0.23160146176815033,0.5777155160903931,0.5647440552711487,0.4833587408065796,0.30489382147789,4.431275844573975,4.825557708740234,2.0358896255493164,0.8007904887199402,0.5423730611801147,1.1067878007888794,0.707330048084259,0.6461244821548462,1.824156641960144,1.5520575046539307,1.5100915431976318,0.6012398600578308,1.2415168285369873,1.8901137113571167,0.6915597319602966,0.2133191078901291,0.1272987574338913,0.4587406516075134,0.278439462184906,0.2397291362285614,0.8268684148788452,0.5822990536689758,0.581381618976593,0.09139057248830795,9.488821983337402,13.074670791625977,10.354844093322754,12.48679256439209,11.146866798400879,13.80029296875,13.97783374786377,13.619370460510254,13.910905838012695,12.826019287109375,14.450196266174316,9.176334381103516
010251,0.1715986579656601,0.0929529145359993,0.06425242871046066,0.7134162783622742,0.3513796031475067,0.10294489562511444,0.3193725347518921,0.06557343155145645,0.08988086879253387,0.11352955549955368,0.20160745084285736,0.27129313349723816,12.097433090209961,13.628654479980469,6.7925705909729,1.8027044534683228,1.9202544689178467,4.8334760665893555,2.331238269805908,3.7098195552825928,6.880483627319336,3.5571165084838867,2.7840259075164795,1.8363817930221558,2.269195318222046,1.9312101602554321,1.4397903680801392,0.3302310109138489,0.3919277787208557,0.9001086354255676,0.3491905629634857,0.6554002165794373,0.8392736315727234,0.6140837669372559,0.45449700951576233,0.2878965437412262,1.1348707675933838,1.152956247329712,0.6722503900527954,0.1839051991701126,0.2087104767560959,0.4461684823036194,0.21540196239948273,0.35618776082992554,0.5628188848495483,0.3220386803150177,0.2809840142726898,0.1730584055185318,2.938648223876953,3.6995205879211426,1.4600054025650024,0.4754836857318878,0.4553864300251007,1.1105917692184448,0.7204107642173767,0.9887486696243286,2.252262592315674,0.8183487057685852,0.8253557682037354,0.51844722032547,1.188527226448059,1.7407983541488647,0.46564987301826477,0.1373031884431839,0.09670285880565643,0.4062837064266205,0.335279256105423,0.400706022977829,1.2512104511260986,0.2796301245689392,0.3040236234664917,0.186733216047287,11.255709648132324,12.649435997009277,9.738431930541992,10.806925773620605,9.449275970458984,10.450984001159668,14.038783073425293,12.019036293029785,15.657974243164062,10.16862964630127,12.567483901977539,11.967796325683594
010252,0.12931537628173828,0.1592513918876648,0.06125583499670029,0.5731504559516907,0.3343905210494995,0.08386405557394028,0.19574961066246033,0.05313802510499954,0.07283317297697067,0.13100188970565796,0.15542393922805786,0.17688198387622833,23.708803176879883,25.07744789123535,21.65142059326172,5.728598117828369,4.179304599761963,13.40582275390625,3.9838266372680664,10.448176383972168,9.008681297302246,8.873136520385742,7.194962501525879,5.534693241119385,5.4828691482543945,6.156602382659912,4.953482627868652,1.4015851020812988,0.991782009601593,3.231579303741455,0.905064582824707,2.5188071727752686,2.2049243450164795,2.1812236309051514,1.746951937675476,1.2828102111816406,2.588102340698242,4.042428970336914,2.1379892826080322,0.8933759331703186,0.6253873109817505,1.7124078273773193,0.539528489112854,1.3117561340332031,1.2800651788711548,1.3179435729980469,1.0479060411453247,0.8225207328796387,4.48498010635376,6.6968793869018555,3.6233468055725098,1.4394866228103638,1.0162076950073242,3.1989781856536865,0.9394349455833435,2.219475746154785,2.3135478496551514,2.230064630508423,1.6800810098648071,1.380515456199646,0.7012885212898254,0.34509485960006714,0.6243552565574646,0.07059738785028458,0.05069586634635925,0.577756404876709,0.0762539878487587,0.23900774121284485,0.27801135182380676,0.13943488895893097,0.08478741347789764,0.07193569839000702,7.890016555786133,8.966196060180664,7.410985469818115,8.597143173217773,8.383892059326172,9.442731857299805,8.411527633666992,8.167899131774902,9.371037483215332,8.709933280944824,8.208019256591797,8.499753952026367
010254,0.13305900990962982,0.05280277878046036,0.03989850729703903,0.33567729592323303,0.3524518311023712,0.05403438210487366,0.2215404063463211,0.0434497594833374,0.05237070098519325,0.0820818617939949,0.08386620879173279,0.13586260378360748,3.0681381225585938,47.167640686035156,2.5091075897216797,1.8008029460906982,2.4751803874969482,2.8051419258117676,1.5017976760864258,3.9309911727905273,10.242387771606445,9.316828727722168,4.241376876831055,2.1101391315460205,0.5802571177482605,11.30922794342041,0.4166964888572693,0.47296804189682007,0.6229790449142456,0.6452260613441467,0.3730635643005371,0.8593893647193909,2.1952359676361084,2.4391849040985107,0.9747902750968933,0.5063819289207458,0.4997853636741638,2.8166637420654297,0.3450097143650055,0.27577754855155945,0.2610727846622467,0.3379126489162445,0.19100409746170044,0.38172680139541626,0.6166131496429443,0.861320972442627,0.3322448134422302,0.2574630677700043,1.370084524154663,2.275198221206665,1.1074285507202148,0.47493717074394226,0.39673081040382385,0.7239264249801636,0.3460488021373749,0.714529275894165,0.6560425758361816,1.064843773841858,0.48785674571990967,0.4416867196559906,0.47860434651374817,0.06427331268787384,0.4919029772281647,0.03457158803939819,0.034444235265254974,0.2040267437696457,0.05431510880589485,0.15843260288238525,0.02793174423277378,0.048897333443164825,0.07011651992797852,0.051592256873846054,17.482851028442383,4.0956339836120605,18.72968864440918,9.202610969543457,6.868671417236328,10.871355056762695,9.073027610778809,8.066378593444824,4.294860363006592,5.687545299530029,5.923399925231934,8.17790699005127
010255,0.06901098042726517,0.07147019356489182,0.06761033833026886,0.35416871309280396,0.2827261984348297,0.04789331927895546,0.11874757707118988,0.03044675849378109,0.035879217088222504,0.03174402937293053,0.05864324793219566,0.08601318299770355,10.226358413696289,5.165740966796875,8.377687454223633,1.4143140316009521,1.209242343902588,3.408895254135132,1.2063215970993042,2.7150590419769287,2.231764316558838,1.9322874546051025,0.9980437755584717,1.113183856010437,2.2127649784088135,1.001006841659546,1.7385276556015015,0.29063284397125244,0.24525749683380127,0.6729216575622559,0.21607741713523865,0.5040039420127869,0.420854777097702,0.395425945520401,0.16090476512908936,0.19935902953147888,0.8194870948791504,0.42644137144088745,0.6705753207206726,0.12013130635023117,0.09526554495096207,0.2745574414730072,0.09609649330377579,0.2028276026248932,0.17364877462387085,0.1707516461610794,0.06915432959794998,0.08250465244054794,1.223867416381836,0.8569863438606262,1.163089632987976,0.24093544483184814,0.20145577192306519,0.5439460873603821,0.2332005798816681,0.4128328561782837,0.37357425689697266,0.3557620048522949,0.17619967460632324,0.1936616152524948,0.15167571604251862,0.2010941207408905,0.26387783885002136,0.05732344090938568,0.05485202744603157,0.1551634520292282,0.08052130043506622,0.11987310647964478,0.11492108553647995,0.09578731656074524,0.05815422162413597,0.05956139415502548,5.859358787536621,7.535259246826172,6.809265613555908,7.760898113250732,7.851460933685303,7.682313442230225,9.031548500061035,7.407454013824463,8.004226684570312,8.3657865524292,8.26483154296875,8.152098655700684
010256,0.1822485625743866,0.07684948295354843,0.07274950295686722,0.530133843421936,0.40278106927871704,0.058258846402168274,0.2700439393520355,0.05803535878658295,0.07744010537862778,0.07467304915189743,0.18125209212303162,0.14437443017959595,27.593563079833984,16.788545608520508,22.384462356567383,4.386141777038574,2.7731239795684814,7.708380222320557,2.4666614532470703,4.100561618804932,4.82574462890625,4.936540126800537,3.711376190185547,2.3852274417877197,6.447171688079834,4.003656387329102,4.9439568519592285,1.1021429300308228,0.6999853849411011,1.7459840774536133,0.5532855987548828,0.8880453705787659,1.138271689414978,1.1796202659606934,0.8384716510772705,0.5303084254264832,2.620316743850708,2.1638505458831787,1.958811640739441,0.5607249736785889,0.3748720586299896,0.7920880913734436,0.2994806170463562,0.4252849221229553,0.6129721403121948,0.6196908354759216,0.46938851475715637,0.30397462844848633,3.999601364135742,3.398024082183838,3.0830488204956055,0.8799102306365967,0.5822235941886902,1.3791179656982422,0.544171154499054,0.7888949513435364,1.1291308403015137,1.081071376800537,0.8548957109451294,0.5223363041877747,0.45443931221961975,0.17518793046474457,0.4458349645137787,0.054975394159555435,0.04057857766747475,0.2342589944601059,0.08524719625711441,0.15753096342086792,0.18299414217472076,0.13416706025600433,0.11683236062526703,0.04738539084792137,6.5343122482299805,7.499794960021973,6.438003063201904,7.622744083404541,7.916043281555176,7.686976432800293,8.67181396484375,8.196587562561035,9.128478050231934,8.449712753295898,8.756627082824707,8.090348243713379
010257,0.1152029037475586,0.0369250550866127,0.04422938823699951,0.5462395548820496,0.6496086120605469,0.060649458318948746,0.2663385272026062,0.02840600162744522,0.04049084335565567,0.04678988829255104,0.12033495306968689,0.09470204263925552,8.375717163085938,13.531970024108887,9.35355281829834,1.856982946395874,1.2524176836013794,4.360180854797363,1.4335380792617798,3.9412002563476562,3.460139513015747,3.002011299133301,2.890219211578369,2.323676824569702,1.7429988384246826,1.6892579793930054,1.9152398109436035,0.23037458956241608,0.19696833193302155,0.6795922517776489,0.18581503629684448,0.5908494591712952,0.5233911275863647,0.4714733064174652,0.4125623106956482,0.3595966100692749,0.67233806848526,0.6864912509918213,0.8075292110443115,0.08799415826797485,0.09085553884506226,0.3228248357772827,0.1160859763622284,0.24587734043598175,0.2824926972389221,0.18726661801338196,0.1999354064464569,0.17154304683208466,1.167399525642395,2.0766940116882324,1.6079715490341187,0.24231722950935364,0.20607741177082062,0.9432394504547119,0.4306594729423523,0.6787050366401672,0.8818466067314148,0.44596993923187256,0.6167958378791809,0.49105265736579895,0.25813692808151245,0.9724337458610535,0.47558173537254333,0.0921044796705246,0.060820333659648895,0.43707597255706787,0.21628254652023315,0.304119735956192,0.4016416370868683,0.163942351937294,0.26670119166374207,0.20022521913051605,6.798895359039307,8.0944242477417,8.175929069519043,6.797650337219238,7.657413959503174,10.602041244506836,14.001432418823242,8.821413040161133,11.929155349731445,7.552742004394531,10.157187461853027,9.967482566833496
010258,0.12734243273735046,0.056867972016334534,0.057812027633190155,0.44388559460639954,0.44094204902648926,0.06624165922403336,0.14540672302246094,0.04744783043861389,0.049777738749980927,0.056759145110845566,0.10773278772830963,0.16646698117256165,18.335533142089844,18.19609832763672,22.45027732849121,2.9564294815063477,2.3714568614959717,5.728918552398682,2.8351495265960693,5.175006866455078,8.252535820007324,5.700000762939453,3.5298573970794678,3.3578593730926514,3.7279815673828125,2.963207960128784,4.361422061920166,0.510805070400238,0.45338743925094604,1.0448989868164062,0.4514602720737457,0.8923729658126831,1.3606644868850708,0.8720672130584717,0.4922023117542267,0.6650376319885254,1.596989393234253,1.7731437683105469,2.274799108505249,0.2638028860092163,0.23229770362377167,0.5426870584487915,0.26057857275009155,0.4782067537307739,0.8027756214141846,0.5249638557434082,0.31780481338500977,0.31848227977752686,3.295893669128418,5.243723392486572,5.980849266052246,0.713873565196991,0.606787919998169,1.4803495407104492,0.8381181955337524,1.3996323347091675,2.5364840030670166,1.7570921182632446,1.1020479202270508,0.7405636310577393,0.9699892997741699,2.006793737411499,2.4298224449157715,0.19617557525634766,0.16683046519756317,0.5835237503051758,0.3499942421913147,0.5867908596992493,1.133007526397705,0.7792671918869019,0.420503705739975,0.1817176192998886,8.396503448486328,12.436098098754883,12.136656761169434,9.904884338378906,10.460077285766602,11.656628608703613,13.050277709960938,12.264666557312012,13.848238945007324,13.761651992797852,13.070598602294922,9.205163955688477
010260,0.20408040285110474,0.13974124193191528,0.06543348729610443,0.6960832476615906,0.5332518815994263,0.05516752973198891,0.2633558511734009,0.057491328567266464,0.05991393327713013,0.12825173139572144,0.20210625231266022,0.14054293930530548,25.076618194580078,20.338605880737305,22.863929748535156,3.4485983848571777,2.4945871829986572,8.604484558105469,3.1894333362579346,6.226578712463379,5.33791446685791,3.631957530975342,1.8483824729919434,2.7827680110931396,5.960149765014648,5.684048175811768,5.364840984344482,0.9190487861633301,0.6770172119140625,2.0981147289276123,0.80588698387146,1.504929542541504,1.2669575214385986,0.9339107275009155,0.4735754132270813,0.7227948904037476,2.5843582153320312,3.318448305130005,2.4542934894561768,0.5254954695701599,0.3546568751335144,1.0805225372314453,0.4620893895626068,0.7920663356781006,0.6714392900466919,0.5077753663063049,0.2512466609477997,0.3975578546524048,4.221659183502197,4.8970160484313965,4.50806999206543,0.7860405445098877,0.5072053074836731,1.9810203313827515,0.785952091217041,1.4727590084075928,1.1973707675933838,0.8048819899559021,0.3530412018299103,0.5768178701400757,0.6438612341880798,0.23839375376701355,1.0020172595977783,0.03926599770784378,0.042482972145080566,0.3681357204914093,0.10023905336856842,0.2814497947692871,0.20587515830993652,0.06846248358488083,0.017270760610699654,0.028163809329271317,7.3708882331848145,8.600664138793945,8.60370922088623,8.247466087341309,8.020687103271484,9.284818649291992,9.26114273071289,9.488666534423828,8.978934288024902,8.325305938720703,7.380261421203613,7.7510762214660645
010261,0.13752014935016632,0.07545507699251175,0.08398231118917465,0.7661058306694031,0.7414796352386475,0.05316450446844101,0.41218647360801697,0.06290654838085175,0.06836660951375961,0.10443391650915146,0.2083689421415329,0.12600736320018768,9.0122709274292,8.659199714660645,17.095359802246094,2.08514666557312,2.292362689971924,5.047072410583496,2.3498001098632812,5.478438854217529,2.763155460357666,4.389463901519775,2.333388090133667,2.0972816944122314,2.123318672180176,2.1075165271759033,3.7622897624969482,0.482576459646225,0.5681104063987732,1.055155873298645,0.524947464466095,1.1662589311599731,0.6306269764900208,1.0375880002975464,0.49122679233551025,0.4558601379394531,0.8259085416793823,1.009529709815979,1.3859280347824097,0.22790654003620148,0.2956185042858124,0.3968971371650696,0.21994417905807495,0.4465694725513458,0.24561668932437897,0.46686848998069763,0.18998166918754578,0.17681609094142914,1.114284873008728,1.3915995359420776,1.9681614637374878,0.31655582785606384,0.4104579985141754,0.5811551213264465,0.31565427780151367,0.6628615260124207,0.3404511511325836,0.6792837381362915,0.2749480903148651,0.23300649225711823,0.055006492882966995,0.06693748384714127,0.19183678925037384,0.019726643338799477,0.019083740189671516,0.07221563160419464,0.031122606247663498,0.0860539898276329,0.03483081981539726,0.04999370872974396,0.03946252167224884,0.028286943212151527,5.738781929016113,6.61583948135376,5.6579999923706055,6.435927867889404,7.051564693450928,5.71026611328125,6.156476020812988,5.904135227203369,5.937339782714844,6.575345993041992,5.8899078369140625,5.678660869598389
010262,0.13213691115379333,0.09156571328639984,0.11012358218431473,0.5172386765480042,0.6877820491790771,0.08769828826189041,0.26657161116600037,0.06419074535369873,0.0740872472524643,0.12545128166675568,0.25244250893592834,0.1548873335123062,16.73543357849121,65.52828216552734,15.910183906555176,5.863396167755127,2.9173293113708496,36.723548889160156,7.3599324226379395,30.299198150634766,13.180489540100098,10.664407730102539,9.666923522949219,9.013232231140137,3.9927256107330322,19.051177978515625,3.8742635250091553,1.5599170923233032,0.7500298023223877,10.149576187133789,2.108501672744751,8.782997131347656,3.5581939220428467,2.925896406173706,2.684570074081421,2.458486795425415,1.9042682647705078,12.631853103637695,1.8878865242004395,1.093027949333191,0.5726748108863831,5.503177642822266,1.361065149307251,4.915248394012451,2.147221326828003,1.8521058559417725,1.818181037902832,1.7627707719802856,2.7414677143096924,17.903886795043945,3.2105183601379395,1.4070663452148438,0.6854283213615417,9.1581392288208,2.0180504322052,7.601146221160889,3.202305316925049,2.764713764190674,2.5669944286346436,2.4305074214935303,0.13535526394844055,0.799185574054718,0.513944149017334,0.05279508978128433,0.022323740646243095,1.0283102989196777,0.09590553492307663,0.4198194146156311,0.1554158627986908,0.13247761130332947,0.1129731684923172,0.10198662430047989,6.649954319000244,9.390511512756348,8.33182430267334,8.512290954589844,8.375288963317871,9.328333854675293,9.392228126525879,8.92486572265625,8.597368240356445,8.983999252319336,9.149613380432129,9.216297149658203
010263,0.11124379187822342,0.09702643752098083,0.07849540561437607,0.4263480007648468,0.5536496043205261,0.07978388667106628,0.2095981240272522,0.07023190706968307,0.06535287946462631,0.08627282083034515,0.19145426154136658,0.14709366858005524,18.157310485839844,14.407525062561035,7.16473913192749,3.4383442401885986,1.9726873636245728,3.5119080543518066,2.6874685287475586,4.099277973175049,4.084109783172607,6.1496148109436035,2.0095465183258057,2.8404111862182617,4.476818084716797,3.9736533164978027,1.7336269617080688,0.9300288558006287,0.5114542841911316,0.8435875773429871,0.7264609336853027,0.9317464232444763,1.0761791467666626,1.6272681951522827,0.5181849002838135,0.7324069142341614,1.8355035781860352,2.2601208686828613,0.7405120730400085,0.4808412492275238,0.29666611552238464,0.3842586278915405,0.3545874059200287,0.43859344720840454,0.5160940885543823,0.8639213442802429,0.31143587827682495,0.3630635738372803,2.4891648292541504,2.9219419956207275,1.1679649353027344,0.5773900151252747,0.3613353669643402,0.5680724382400513,0.46190333366394043,0.6755646467208862,0.6865980625152588,1.19633948802948,0.42170271277427673,0.4034785330295563,0.12254802137613297,0.12499909102916718,0.17629307508468628,0.02301793359220028,0.01424076221883297,0.05882234126329422,0.020997963845729828,0.08478128165006638,0.032133106142282486,0.0560392364859581,0.018889324739575386,0.014797436073422432,6.105316638946533,7.7563347816467285,7.258087158203125,6.954615116119385,7.243605613708496,6.9440083503723145,7.035399436950684,7.074290752410889,6.90761137008667,7.49674129486084,7.817028999328613,6.315884113311768
010264,0.14320164918899536,0.07339319586753845,0.07116907835006714,0.7719693183898926,0.325761616230011,0.06750546395778656,0.21692651510238647,0.04836239665746689,0.056495726108551025,0.10280874371528625,0.24564246833324432,0.15085697174072266,12.213305473327637,6.713581562042236,6.417741775512695,1.3701311349868774,1.2087228298187256,3.4053611755371094,1.0564161539077759,2.7844982147216797,2.7825491428375244,2.1127302646636963,1.9024666547775269,1.3690693378448486,2.624255895614624,1.252626895904541,1.3131403923034668,0.2510503828525543,0.22441108524799347,0.6167245507240295,0.1663806438446045,0.4688624143600464,0.36435139179229736,0.38170507550239563,0.2699960768222809,0.22953641414642334,1.1871085166931152,0.6864013075828552,0.5947690606117249,0.1460801512002945,0.11958208680152893,0.31115958094596863,0.10039519518613815,0.2486467957496643,0.2258892059326172,0.21016131341457367,0.16121815145015717,0.1280810683965683,2.4300920963287354,1.6573045253753662,1.2964979410171509,0.37037160992622375,0.3054623603820801,0.8016871809959412,0.3176037073135376,0.7210083603858948,0.8297281861305237,0.5391984581947327,0.5423359870910645,0.35555583238601685,0.7195394039154053,0.5691535472869873,0.43315720558166504,0.12021862715482712,0.10531038790941238,0.31534016132354736,0.1407993882894516,0.3178965151309967,0.42681485414505005,0.1930074840784073,0.24029658734798431,0.13051946461200714,9.080301284790039,10.829495429992676,9.396890640258789,11.382113456726074,11.02480697631836,10.853534698486328,13.52580738067627,12.048785209655762,14.0615234375,11.199211120605469,12.846308708190918,11.354388236999512
010265,0.13164754211902618,0.0544954314827919,0.1068439856171608,0.5302857160568237,0.44596102833747864,0.057045936584472656,0.22881902754306793,0.05576487258076668,0.06984516233205795,0.10238179564476013,0.19666031002998352,0.13776043057441711,14.006300926208496,21.67394256591797,24.151216506958008,3.5753095149993896,2.9155995845794678,7.769484996795654,3.324850082397461,6.465187072753906,8.398645401000977,6.09107780456543,5.093749523162842,3.220154047012329,3.224104642868042,5.986893177032471,5.768863201141357,0.8389157056808472,0.7058436870574951,1.8623783588409424,0.8139623403549194,1.6276133060455322,2.0019400119781494,1.4621487855911255,1.242549180984497,0.7758439779281616,1.4729524850845337,3.317176103591919,2.5973458290100098,0.46123048663139343,0.3549042344093323,0.9265300631523132,0.41376450657844543,0.808343768119812,1.0433326959609985,0.7563560605049133,0.6411311030387878,0.4197145402431488,2.6144521236419678,5.143977165222168,4.679641246795654,0.7641969919204712,0.574004590511322,1.7243589162826538,0.720553994178772,1.4091603755950928,1.8965448141098022,1.281442403793335,1.0868003368377686,0.6977694630622864,0.46525120735168457,0.2574867606163025,0.9941355586051941,0.040265992283821106,0.047420140355825424,0.3333587348461151,0.08820414543151855,0.20910726487636566,0.2845984101295471,0.125244602560997,0.11185766011476517,0.05032902956008911,7.964908599853516,8.469780921936035,8.460253715515137,7.713318347930908,7.6197075843811035,9.090450286865234,8.403228759765625,8.691515922546387,8.820351600646973,8.026617050170898,8.163304328918457,7.980488300323486
010266,0.120116226375103,0.08403679728507996,0.0971779003739357,0.9191186428070068,0.6015661358833313,0.06545624136924744,0.3718527853488922,0.054685238748788834,0.09064304828643799,0.1038474515080452,0.1754543036222458,0.12003793567419052,27.181217193603516,17.36688995361328,21.382272720336914,3.113274097442627,3.0387630462646484,4.984996795654297,2.9277596473693848,4.481013298034668,5.077049255371094,3.8376903533935547,3.654529094696045,2.3416941165924072,5.496398448944092,2.8100028038024902,4.25404167175293,0.5432305932044983,0.5434285402297974,1.0018070936203003,0.503078043460846,0.7989208102226257,0.8748445510864258,0.6536725163459778,0.5897877812385559,0.36035409569740295,2.5131876468658447,1.7202365398406982,1.9439183473587036,0.289993554353714,0.26449277997016907,0.47017040848731995,0.2766425609588623,0.3864928185939789,0.4953317642211914,0.3444429636001587,0.3354574143886566,0.19414280354976654,5.664434909820557,5.002725601196289,4.475437641143799,0.7760493159294128,0.7487568855285645,1.0554200410842896,0.7859761118888855,1.017580270767212,1.4447815418243408,0.9549530148506165,0.9848771095275879,0.6043165326118469,1.9385329484939575,1.8554073572158813,1.617807149887085,0.2485502064228058,0.27469685673713684,0.33210015296936035,0.304214745759964,0.39717504382133484,0.5845780372619629,0.35677066445350647,0.36850160360336304,0.22019164264202118,9.652789115905762,12.320199966430664,9.81289005279541,10.618626594543457,10.983834266662598,9.535446166992188,11.880212783813477,10.522995948791504,12.623149871826172,11.071659088134766,11.720331192016602,11.19274616241455
010268,0.06299065053462982,0.04439576715230942,0.03773779422044754,0.4916503429412842,0.51388019323349,0.03997871279716492,0.22465218603610992,0.04769345745444298,0.042072150856256485,0.08600148558616638,0.08952527493238449,0.0842583030462265,10.142728805541992,9.82991886138916,11.659035682678223,0.9332557916641235,0.837573766708374,4.5275797843933105,1.3310198783874512,4.96464204788208,2.4455747604370117,1.250043272972107,1.5534926652908325,1.3149229288101196,2.291292905807495,2.543816566467285,2.5654313564300537,0.19349761307239532,0.14339357614517212,0.9793934226036072,0.2667878568172455,1.0758671760559082,0.46081510186195374,0.2540532052516937,0.2492022067308426,0.24753235280513763,1.1896101236343384,1.4857155084609985,1.2948787212371826,0.1727062165737152,0.10575852543115616,0.5921699404716492,0.1887945532798767,0.648588240146637,0.33506643772125244,0.19010043144226074,0.19322150945663452,0.19782811403274536,2.4815926551818848,2.6037604808807373,2.856539487838745,0.36838626861572266,0.26206791400909424,1.3962135314941406,0.44124430418014526,1.4570409059524536,0.8626512885093689,0.4246172308921814,0.5283889174461365,0.44612422585487366,0.6410037875175476,0.26810866594314575,0.8839690089225769,0.02368123084306717,0.04608524963259697,0.4116382598876953,0.09633683413267136,0.3697211444377899,0.24623741209506989,0.06841221451759338,0.1406424641609192,0.06175101920962334,10.213851928710938,9.474654197692871,10.65637493133545,11.61555004119873,10.871939659118652,12.45359992980957,12.104397773742676,11.5398588180542,13.51245403289795,11.615979194641113,12.685321807861328,11.218724250793457
010269,0.13967245817184448,0.0851474404335022,0.07455500215291977,0.6348553895950317,0.34028494358062744,0.053552646189928055,0.29494786262512207,0.05028770864009857,0.07631508260965347,0.08778654783964157,0.13473041355609894,0.11873876303434372,10.558019638061523,20.157634735107422,18.563148498535156,4.037247657775879,3.1700682640075684,6.728622913360596,3.528984546661377,8.471710205078125,6.3393025398254395,6.018642425537109,2.908184766769409,2.8222198486328125,2.53914737701416,5.514289379119873,4.232083797454834,1.0195858478546143,0.782721221446991,1.6393911838531494,0.9087342023849487,2.098750352859497,1.6791144609451294,1.607293963432312,0.7034367322921753,0.709391713142395,1.1597044467926025,3.582042932510376,1.7725762128829956,0.6656045913696289,0.48225700855255127,0.8307949900627136,0.5540808439254761,1.1065990924835205,0.9918743371963501,0.9755193591117859,0.43278470635414124,0.47123098373413086,1.7700750827789307,5.149613857269287,2.8590307235717773,0.9791097640991211,0.6406689286231995,1.3791897296905518,0.864967942237854,1.7921559810638428,1.5607420206069946,1.4936240911483765,0.6364275813102722,0.6635537147521973,0.15285652875900269,0.23376548290252686,0.4407312870025635,0.04477031156420708,0.026011629030108452,0.17391586303710938,0.043549638241529465,0.17172670364379883,0.09189344942569733,0.07372929155826569,0.030276235193014145,0.028935901820659637,6.964426517486572,8.894889831542969,6.953577518463135,8.47923469543457,7.5608601570129395,8.157402038574219,8.56785774230957,8.109162330627441,8.709190368652344,8.691763877868652,7.913297176361084,8.321441650390625
010270,0.11952183395624161,0.08487117290496826,0.06403406709432602,0.7639179825782776,0.3261154294013977,0.0627002939581871,0.2885768711566925,0.052691683173179626,0.06936664879322052,0.04866785183548927,0.19454285502433777,0.1048075407743454,40.205360412597656,52.393455505371094,28.55055809020996,6.689914226531982,5.053298473358154,21.581544876098633,7.186179161071777,11.55654525756836,16.971689224243164,8.432687759399414,9.935769081115723,7.203312873840332,9.235245704650879,9.053215980529785,6.6389241218566895,1.5818489789962769,1.0574932098388672,4.5860795974731445,1.4049725532531738,2.706418514251709,3.34140682220459,1.8438934087753296,1.6048991680145264,1.2973885536193848,4.504166126251221,6.546105861663818,2.8407814502716064,0.9648617506027222,0.6645603775978088,2.619584083557129,0.895859956741333,1.529717206954956,2.052583932876587,1.1409952640533447,1.1365749835968018,0.8700302839279175,9.263404846191406,18.44508934020996,4.770730972290039,1.732911229133606,1.5003786087036133,6.283656597137451,2.2342398166656494,3.110682964324951,5.322232246398926,2.3913488388061523,3.437443971633911,2.3475229740142822,2.531702756881714,6.860536098480225,0.7492905855178833,0.11712241917848587,0.3503817915916443,2.0179169178009033,0.6724038124084473,0.6374706625938416,1.832892894744873,0.48742470145225525,1.266545295715332,0.723298192024231,9.949612617492676,14.567337989807129,7.329009532928467,8.867796897888184,11.398528099060059,12.189644813537598,12.479555130004883,10.453572273254395,13.081557273864746,10.752697944641113,14.22655200958252,12.940384864807129
010271,0.10367239266633987,0.08788798749446869,0.06276790797710419,0.5513833165168762,0.5953633189201355,0.06565505266189575,0.2834622263908386,0.05044876039028168,0.06636244058609009,0.1296742558479309,0.23202386498451233,0.12503772974014282,0.6236383318901062,38.9548225402832,6.18617582321167,1.7274423837661743,0.29638078808784485,6.335896968841553,2.579521656036377,5.327139377593994,8.813076972961426,1.8917241096496582,2.9510486125946045,2.934518337249756,0.01169469952583313,9.499595642089844,1.4011528491973877,0.32324209809303284,0.007495451718568802,1.402906060218811,0.5303329825401306,1.3113995790481567,2.0175750255584717,0.4157528281211853,0.6141711473464966,0.6037963628768921,0.006359145510941744,4.762415409088135,0.6643489599227905,0.19807495176792145,0.023453570902347565,0.6015417575836182,0.2626260221004486,0.6645722985267639,0.8668107986450195,0.2387765347957611,0.30079948902130127,0.2805790603160858,0.004941685125231743,7.105517864227295,1.2872118949890137,0.3193472921848297,0.044290170073509216,1.0253862142562866,0.4548560380935669,1.152377724647522,1.2958961725234985,0.38436880707740784,0.4810447096824646,0.4619942009449005,0.0010576675413176417,0.3465093672275543,0.3169856071472168,0.015242480672895908,0.0035024636890739202,0.18162772059440613,0.06571231782436371,0.16623084247112274,0.09648828208446503,0.019783291965723038,0.04483643174171448,0.059805307537317276,1.97425377368927,7.083468437194824,9.04900074005127,6.791767597198486,5.291228294372559,7.2528533935546875,7.335303783416748,8.59321403503418,6.346780300140381,7.409416198730469,6.713045120239258,6.77642297744751
010272,0.11803288757801056,0.08847303688526154,0.02998347207903862,0.7285318374633789,0.2843885123729706,0.04887795448303223,0.1604529619216919,0.027502693235874176,0.04092183709144592,0.07541407644748688,0.09610418975353241,0.1304483711719513,27.288326263427734,23.839290618896484,11.520251274108887,3.531735897064209,2.952348232269287,6.783879280090332,3.9201700687408447,7.196667194366455,7.598374366760254,3.2682535648345947,3.570563554763794,3.3579940795898438,3.653951406478882,2.13855242729187,2.0734786987304688,0.5059674382209778,0.36935511231422424,1.1223409175872803,0.3851970434188843,0.9373085498809814,0.7851076126098633,0.7263564467430115,0.5343277454376221,0.4416745603084564,2.2324211597442627,1.4032520055770874,1.0030086040496826,0.2519204318523407,0.19700933992862701,0.577462375164032,0.2685682773590088,0.5548298954963684,0.5756373405456543,0.28841254115104675,0.3111822307109833,0.2094174027442932,8.540534019470215,7.488913059234619,2.7231597900390625,0.8367546200752258,0.8401421904563904,1.7491663694381714,1.327324628829956,2.1543493270874023,2.7398264408111572,0.43001335859298706,0.9920827150344849,0.8196222186088562,4.841109275817871,4.895567417144775,1.2102807760238647,0.3626197576522827,0.45042744278907776,0.8349949717521667,0.8156654238700867,1.2162861824035645,1.676328182220459,0.023760367184877396,0.42149215936660767,0.42714178562164307,15.281837463378906,16.076810836791992,11.334310531616211,11.009990692138672,13.713323593139648,12.345287322998047,16.710973739624023,14.671331405639648,17.6539249420166,5.850131988525391,12.441431045532227,12.005865097045898
010273,0.123868927359581,0.08563250303268433,0.08618571609258652,0.6751030683517456,0.5136224627494812,0.08249391615390778,0.3539510667324066,0.0545443557202816,0.07547396421432495,0.10729803889989853,0.2776159346103668,0.14530658721923828,14.524354934692383,12.617437362670898,13.117086410522461,3.5705294609069824,2.3637099266052246,7.0193986892700195,2.67582631111145,6.502767086029053,6.343050003051758,3.0178604125976562,3.029249429702759,3.3329784870147705,3.062086582183838,2.066854476928711,2.887727737426758,0.755469799041748,0.4973856210708618,1.4089045524597168,0.5262889862060547,1.3631627559661865,1.2148197889328003,0.6106502413749695,0.5433040261268616,0.6405588388442993,1.0787242650985718,0.8188134431838989,1.0692493915557861,0.28067848086357117,0.16809895634651184,0.5614891052246094,0.20445559918880463,0.512092649936676,0.47137922048568726,0.22803370654582977,0.23252156376838684,0.2289276421070099,1.602372169494629,2.087437629699707,1.606131672859192,0.44424968957901,0.2952912449836731,1.0935523509979248,0.40744978189468384,0.8524552583694458,0.9780678749084473,0.376229852437973,0.534040093421936,0.4728585481643677,0.23928746581077576,0.9188187718391418,0.22039449214935303,0.07355808466672897,0.0717954933643341,0.3258219063282013,0.12535959482192993,0.17730613052845,0.32806721329689026,0.07304719090461731,0.17633946239948273,0.1548081636428833,5.701939582824707,8.616663932800293,6.011977672576904,6.151310920715332,6.512845039367676,7.664859294891357,7.589229583740234,6.511873245239258,7.774291515350342,6.229075908660889,8.378738403320312,7.3382768630981445
010274,0.06185290217399597,0.06321728974580765,0.06294836848974228,0.49547842144966125,0.5076583623886108,0.04235266149044037,0.21664950251579285,0.05023651197552681,0.047551773488521576,0.047735974192619324,0.15904675424098969,0.1001436784863472,16.886905670166016,10.869790077209473,8.106998443603516,2.3354365825653076,1.4192485809326172,4.923062801361084,2.2565701007843018,4.180307388305664,5.218190670013428,4.17783784866333,2.4749388694763184,1.9401061534881592,3.313114643096924,1.5543030500411987,1.5814701318740845,0.3443577289581299,0.220169335603714,0.8478490114212036,0.31078675389289856,0.6226863861083984,0.8357433080673218,0.6943150758743286,0.34584155678749084,0.28997254371643066,1.4786760807037354,0.9884172677993774,0.6748899817466736,0.23537622392177582,0.14041787385940552,0.5162107944488525,0.22274667024612427,0.3908866047859192,0.5510112047195435,0.4374493956565857,0.2646871507167816,0.19686824083328247,3.326338291168213,3.0538134574890137,1.410925269126892,0.7947466373443604,0.45292767882347107,1.55060613155365,0.8180434107780457,1.2879695892333984,1.783505916595459,1.2833880186080933,0.9023351669311523,0.6353775858879089,1.0913448333740234,1.033748745918274,0.41823261976242065,0.25767600536346436,0.12530754506587982,0.6404580473899841,0.3546351492404938,0.5641412734985352,0.7390446066856384,0.42014816403388977,0.32243919372558594,0.17349550127983093,9.129874229431152,11.574112892150879,8.178653717041016,13.325616836547852,12.11803913116455,13.770891189575195,15.491983413696289,13.665557861328125,14.649415016174316,12.446837425231934,14.527576446533203,12.294801712036133
010275,0.09560894221067429,0.042280085384845734,0.04076525196433067,0.3632209897041321,0.15711961686611176,0.041016463190317154,0.16699452698230743,0.026004772633314133,0.029027363285422325,0.04429096356034279,0.07222232222557068,0.0810849517583847,7.014839172363281,13.300086975097656,19.527236938476562,1.2306647300720215,1.7863627672195435,5.954534530639648,1.4532451629638672,5.584047794342041,3.032703399658203,3.0650827884674072,2.265532970428467,1.7026664018630981,1.5399810075759888,2.3150269985198975,4.094604969024658,0.20992597937583923,0.3313012421131134,1.1019477844238281,0.2089453935623169,1.0477867126464844,0.5260942578315735,0.5258533954620361,0.3732582628726959,0.30963703989982605,0.5986957550048828,0.7711333632469177,1.469880223274231,0.08976763486862183,0.12051853537559509,0.47600337862968445,0.12124563008546829,0.4342650771141052,0.2692594528198242,0.21956820785999298,0.1706979125738144,0.15147386491298676,0.9927008748054504,1.7007687091827393,2.3436665534973145,0.25011271238327026,0.2935020923614502,1.1735475063323975,0.45460382103919983,1.0528438091278076,0.7895482182502747,0.5928468108177185,0.5146326422691345,0.424698144197464,0.1711798459291458,0.6297318935394287,0.46038827300071716,0.07627568393945694,0.09225880354642868,0.47071120142936707,0.22891488671302795,0.41583284735679626,0.33315131068229675,0.2441098988056183,0.20488880574703217,0.14455494284629822,6.669990062713623,6.970561981201172,6.15187931060791,8.972221374511719,7.916220664978027,9.607234001159668,14.577836036682129,9.28081226348877,11.936960220336914,9.465170860290527,10.485733985900879,10.822346687316895
010276,0.0930633470416069,0.0724591314792633,0.05436139926314354,0.5180183053016663,0.43085724115371704,0.036848101764917374,0.17275485396385193,0.03836871311068535,0.04455062747001648,0.0789046436548233,0.07509339600801468,0.1469874083995819,9.073583602905273,10.381936073303223,8.064440727233887,1.3553377389907837,0.9076492190361023,2.448499917984009,2.449030876159668,2.552783489227295,6.080270290374756,3.0348103046417236,3.053119659423828,1.6243460178375244,1.537132740020752,0.8844896554946899,1.4921382665634155,0.11126582324504852,0.1306777000427246,0.2934707701206207,0.21727782487869263,0.3241077661514282,0.6123942136764526,0.37121838331222534,0.32158124446868896,0.19702255725860596,0.7580789923667908,0.6057303547859192,0.6314690113067627,0.07976677268743515,0.0649145171046257,0.17595574259757996,0.1592424064874649,0.15824851393699646,0.4429801404476166,0.19706018269062042,0.18514540791511536,0.10855202376842499,2.2201366424560547,3.4143707752227783,1.4716938734054565,0.4653147757053375,0.23837019503116608,0.7368438243865967,0.8550974726676941,0.6045041084289551,2.1379036903381348,0.8122037649154663,0.897907555103302,0.4604909420013428,1.048086166381836,2.1782126426696777,0.5645347237586975,0.265344500541687,0.09686832129955292,0.41926637291908264,0.5302087068557739,0.3290860056877136,1.2937142848968506,0.4510570466518402,0.5154476761817932,0.22142918407917023,11.827423095703125,16.510087966918945,8.97974967956543,16.237468719482422,11.67385482788086,14.719237327575684,17.179655075073242,11.90041732788086,17.165891647338867,13.22575855255127,14.395809173583984,13.064643859863281
010277,0.06922712922096252,0.030398499220609665,0.05640789121389389,0.4009360074996948,0.252958208322525,0.0380885936319828,0.17861899733543396,0.04343314841389656,0.031130893155932426,0.036545392125844955,0.07799284160137177,0.08520746976137161,15.204461097717285,28.253602981567383,32.236328125,4.444317817687988,4.646896839141846,14.044234275817871,5.513985633850098,9.584349632263184,8.989401817321777,14.122577667236328,7.219966888427734,4.969569206237793,3.002305030822754,4.945760250091553,6.780717849731445,0.7733845114707947,0.7877768278121948,2.7359020709991455,0.9811914563179016,1.791987419128418,1.6415270566940308,2.6146013736724854,1.1468924283981323,0.7668781876564026,1.4989242553710938,1.9830392599105835,2.6711978912353516,0.42992982268333435,0.3301827907562256,1.1554310321807861,0.4397169351577759,0.7844282388687134,0.735039472579956,0.8299299478530884,0.560357928276062,0.36973467469215393,3.6469905376434326,4.773895263671875,4.770910739898682,1.1993454694747925,0.91330885887146,2.4272074699401855,1.1115671396255493,1.742573857307434,1.7914820909500122,1.5377916097640991,1.6478008031845093,1.0653190612792969,1.2715290784835815,1.5920381546020508,1.1163456439971924,0.3573422431945801,0.3020611107349396,0.7240806221961975,0.3794233202934265,0.5379444360733032,0.5979813933372498,0.40209925174713135,0.5817842483520508,0.34536901116371155,10.702605247497559,8.123839378356934,7.125453948974609,11.00632095336914,8.950408935546875,8.153463363647461,9.256776809692383,8.451525688171387,9.157281875610352,5.9543867111206055,10.092639923095703,9.378949165344238
010283,0.04637029767036438,0.04668286442756653,0.026241222396492958,0.34870806336402893,0.25424569845199585,0.026391180232167244,0.18339192867279053,0.023985708132386208,0.02950289100408554,0.05417743697762489,0.09057105332612991,0.048197511583566666,1.8144499063491821,37.99763107299805,12.542341232299805,0.3829377293586731,1.3413596153259277,7.935093879699707,2.0827064514160156,4.430001735687256,1.8659874200820923,20.355119705200195,2.276979923248291,0.5092419385910034,0.10311147570610046,5.019358158111572,2.440459728240967,0.007517289835959673,0.14475801587104797,1.272242546081543,0.24529480934143066,0.7002166509628296,0.17937994003295898,3.0569939613342285,0.19967325031757355,0.018293870612978935,0.1909654438495636,0.7646811604499817,0.7958958148956299,0.034804295748472214,0.0586257129907608,0.3497335910797119,0.107901431620121,0.26659417152404785,0.1678677350282669,0.5300884246826172,0.14193372428417206,0.053575098514556885,0.9642401933670044,1.3512890338897705,1.1719433069229126,0.22364374995231628,0.22608180344104767,0.6581793427467346,0.43315327167510986,0.7670083045959473,0.8020753264427185,0.48195910453796387,0.7473495006561279,0.29222366213798523,0.5561327934265137,0.7869784832000732,0.19862598180770874,0.11697239428758621,0.10499167442321777,0.25673115253448486,0.2443838119506836,0.3797958195209503,0.4605977237224579,0.1262533813714981,0.4360605478286743,0.1451493203639984,23.98667335510254,3.8834691047668457,5.239298343658447,24.669872283935547,8.53592586517334,5.436024188995361,10.840672492980957,9.216869354248047,19.967851638793945,3.215956926345825,15.813582420349121,23.839805603027344
010284,0.12419719249010086,0.047839388251304626,0.03915642201900482,0.26982951164245605,0.17748917639255524,0.06232171133160591,0.25309714674949646,0.03942197561264038,0.056157611310482025,0.04560954123735428,0.09333736449480057,0.09002884477376938,10.653887748718262,7.675437927246094,8.30480670928955,1.785813331604004,1.2528187036514282,5.002903938293457,1.1158537864685059,3.0526907444000244,2.672079086303711,2.32379412651062,1.5323735475540161,1.7062188386917114,2.6092095375061035,1.7178456783294678,1.8569329977035522,0.4349055588245392,0.2855055034160614,1.166792631149292,0.2522028684616089,0.7025522589683533,0.6111264228820801,0.48950275778770447,0.32135286927223206,0.369867205619812,1.1696406602859497,0.8840833902359009,0.8524677753448486,0.23566539585590363,0.1601075828075409,0.5783646702766418,0.13888607919216156,0.3646378517150879,0.3190191090106964,0.2633582651615143,0.19822850823402405,0.20293083786964417,1.9412147998809814,1.5486723184585571,1.6883540153503418,0.39565691351890564,0.29463282227516174,1.1144161224365234,0.2683256268501282,0.7210521101951599,0.6081982254981995,0.5232279896736145,0.4237378239631653,0.36788737773895264,0.28450334072113037,0.22430820763111115,0.45851895213127136,0.02392711117863655,0.03404896333813667,0.2343643605709076,0.041091516613960266,0.15335524082183838,0.10582475364208221,0.09588709473609924,0.07317511737346649,0.04075201228260994,7.728595733642578,8.087519645690918,9.081433296203613,8.002022743225098,8.687499046325684,9.21029281616211,9.13645076751709,9.584698677062988,9.006325721740723,8.904304504394531,10.149296760559082,8.11142349243164
010286,0.10564437508583069,0.08906826376914978,0.07315149903297424,0.6061258912086487,0.2913547158241272,0.036680109798908234,0.19139209389686584,0.029782503843307495,0.04259968921542168,0.06029858812689781,0.11854914575815201,0.09029454737901688,17.204463958740234,20.40682029724121,17.206501007080078,4.204672336578369,2.8651111125946045,11.426663398742676,3.778456926345825,6.788985252380371,7.23947811126709,6.710330486297607,5.901516437530518,3.9476191997528076,4.079805374145508,3.478635787963867,3.818920135498047,0.935279905796051,0.5797122120857239,2.0427091121673584,0.6828447580337524,1.4558626413345337,1.3536436557769775,0.9998874664306641,1.0912129878997803,0.8814340233802795,1.934452772140503,2.3057050704956055,1.8537299633026123,0.5242555141448975,0.29372745752334595,1.1948647499084473,0.4375268220901489,0.7324727177619934,0.7827979922294617,0.6172803640365601,0.7004260420799255,0.5163344740867615,3.404015302658081,6.179379463195801,3.9096105098724365,0.9219515323638916,0.6080701351165771,3.4117324352264404,1.165682077407837,1.5454646348953247,1.9774497747421265,1.9755147695541382,1.8104112148284912,0.9324771761894226,0.5736148953437805,2.3320913314819336,1.1532783508300781,0.06075168401002884,0.10671951621770859,1.4724977016448975,0.40471088886260986,0.419758677482605,0.6708280444145203,0.9320864677429199,0.5562050342559814,0.09295561164617538,8.2418851852417,12.960152626037598,9.989733695983887,7.875659942626953,8.451004028320312,13.45838737487793,12.851229667663574,9.758622169494629,11.643899917602539,13.571438789367676,12.356202125549316,8.571920394897461
010287,0.0726882815361023,0.04984220862388611,0.03628651797771454,0.33402419090270996,0.21372665464878082,0.03676479682326317,0.1306326687335968,0.02264101430773735,0.035608042031526566,0.04321901872754097,0.09140901267528534,0.15250609815120697,10.001306533813477,5.490193843841553,5.8749518394470215,1.1762924194335938,0.709260106086731,2.755042791366577,1.051376461982727,2.2531421184539795,2.438199996948242,1.8675258159637451,1.187989354133606,1.3922500610351562,2.2693397998809814,1.3568905591964722,1.231071949005127,0.24076677858829498,0.1668817549943924,0.6392191648483276,0.23966941237449646,0.523297131061554,0.5026941299438477,0.4479734003543854,0.2866039574146271,0.3222523033618927,1.0091309547424316,0.7054573893547058,0.6056658029556274,0.14183317124843597,0.09801851212978363,0.32576411962509155,0.12975318729877472,0.28665727376937866,0.26680323481559753,0.24147099256515503,0.17306342720985413,0.1698492467403412,1.8027009963989258,1.1633864641189575,1.377454161643982,0.26449573040008545,0.1758454144001007,0.6547993421554565,0.24739116430282593,0.5821059942245483,0.5670205354690552,0.4267854392528534,0.332166850566864,0.2998630404472351,0.3731722831726074,0.14863990247249603,0.47414061427116394,0.03376714140176773,0.019904211163520813,0.16401323676109314,0.04420245438814163,0.13923032581806183,0.14830023050308228,0.05547931417822838,0.05259973555803299,0.043212760239839554,7.974981307983398,8.366785049438477,10.56906509399414,8.407936096191406,9.03969669342041,9.981724739074707,9.255882263183594,10.48119831085205,9.765287399291992,8.736330032348633,10.304274559020996,8.482733726501465
010288,0.12398479133844376,0.04778066277503967,0.06753861159086227,0.35545411705970764,0.3856375217437744,0.045259028673172,0.22780930995941162,0.035271916538476944,0.035201914608478546,0.05100648105144501,0.11358467489480972,0.07730275392532349,10.100981712341309,9.403617858886719,6.100242614746094,1.687364101409912,1.2737568616867065,5.7481513023376465,1.1248013973236084,4.865754127502441,2.9587490558624268,2.753072500228882,2.0848708152770996,1.9664053916931152,2.1130073070526123,2.0727312564849854,1.200852870941162,0.3558841347694397,0.2337828427553177,1.3095413446426392,0.22002194821834564,1.1002936363220215,0.6473401784896851,0.5764641165733337,0.44067010283470154,0.3652755320072174,1.0325984954833984,1.278907299041748,0.641867458820343,0.25468671321868896,0.16591909527778625,0.695954442024231,0.14642997086048126,0.6137839555740356,0.37322843074798584,0.35361507534980774,0.2745789885520935,0.23666897416114807,2.211988687515259,2.4960379600524902,1.6139129400253296,0.5377218723297119,0.38809919357299805,1.4500139951705933,0.3388731777667999,1.2850759029388428,0.7841399312019348,0.7688831686973572,0.5766934752464294,0.5368393063545227,0.6340110898017883,0.36819231510162354,0.5991329550743103,0.06756845116615295,0.06553898751735687,0.35342714190483093,0.07244511693716049,0.29492685198783875,0.1618926227092743,0.15268121659755707,0.09434200078248978,0.10143469274044037,9.582451820373535,9.687703132629395,11.740121841430664,10.708490371704102,10.677443504333496,10.310946464538574,11.179692268371582,10.50216007232666,10.25089168548584,10.497355461120605,10.076640129089355,10.079788208007812
010289,0.11297730356454849,0.11739464849233627,0.060920070856809616,0.5316609144210815,0.2990284562110901,0.03653601184487343,0.1564253717660904,0.0378907285630703,0.0577341727912426,0.0922975242137909,0.1773974597454071,0.1480914056301117,23.481327056884766,33.92189025878906,22.388402938842773,4.186309337615967,2.67056941986084,8.370124816894531,3.9375550746917725,8.732102394104004,7.642488479614258,6.25676965713501,3.8043596744537354,2.685373306274414,5.930945873260498,10.000089645385742,5.5244526863098145,1.2343640327453613,0.7883639335632324,1.8581112623214722,0.9281684160232544,2.6561825275421143,1.4369730949401855,1.5123594999313354,0.7748120427131653,0.7014491558074951,3.07593035697937,6.265466690063477,2.8847482204437256,0.8161116242408752,0.5229079127311707,1.0354959964752197,0.5833443403244019,1.4536136388778687,0.9927114248275757,0.9537233114242554,0.5113659501075745,0.4843854010105133,5.706069469451904,9.541422843933105,5.856507778167725,1.1624411344528198,0.6886134147644043,2.234999418258667,1.1568180322647095,2.1947100162506104,2.686655044555664,1.7789160013198853,1.0259332656860352,0.6708086133003235,1.229516625404358,1.2512818574905396,1.6159001588821411,0.08035518229007721,0.04545949026942253,0.7224194407463074,0.3273078203201294,0.17898905277252197,1.147771954536438,0.43040820956230164,0.3138846158981323,0.055144865065813065,9.961336135864258,10.498391151428223,11.03222370147705,9.793291091918945,9.363077163696289,11.531183242797852,12.072624206542969,9.288240432739258,15.40744400024414,11.387730598449707,11.387276649475098,9.107515335083008
010290,0.10308320075273514,0.06755774468183517,0.05251096189022064,0.856261670589447,0.38517245650291443,0.038599636405706406,0.2991321384906769,0.04935742914676666,0.03573717921972275,0.061687763780355453,0.07811244577169418,0.07468020915985107,47.79817199707031,41.536399841308594,24.537343978881836,6.157463550567627,3.7408533096313477,13.865503311157227,4.590782165527344,9.872299194335938,6.7389631271362305,7.292908191680908,5.6479339599609375,6.542187213897705,11.324231147766113,10.074755668640137,5.723532676696777,1.3926175832748413,0.8408995270729065,3.378568649291992,1.0103093385696411,2.4460501670837402,1.5475256443023682,1.6796859502792358,1.3028250932693481,1.4746861457824707,4.8699188232421875,5.594015598297119,2.7393972873687744,0.953422486782074,0.5926569104194641,1.8781570196151733,0.6729972958564758,1.4637792110443115,1.060434103012085,1.0079878568649292,0.8972710371017456,0.9282049536705017,7.543187618255615,8.459970474243164,5.281064033508301,1.568458080291748,1.0085443258285522,3.5724146366119385,1.2684369087219238,2.747241258621216,2.1308839321136475,1.7365213632583618,1.592732310295105,1.4939446449279785,0.7964315414428711,0.40714505314826965,1.2680906057357788,0.07842903584241867,0.06363788992166519,0.6626206636428833,0.16338306665420532,0.4350522458553314,0.35529816150665283,0.17340900003910065,0.15117786824703217,0.07469289004802704,6.8210015296936035,7.550204753875732,9.24933910369873,8.58353328704834,9.039956092834473,10.017549514770508,9.801291465759277,10.318990707397461,11.287595748901367,8.671721458435059,9.670393943786621,8.009199142456055
010291,0.09747598320245743,0.07195117324590683,0.03990558907389641,0.4056693911552429,0.18172705173492432,0.029837191104888916,0.14937657117843628,0.03291613608598709,0.028283322229981422,0.049053262919187546,0.048978932201862335,0.11336056143045425,15.392455101013184,8.406455993652344,8.198575973510742,1.6994115114212036,1.4278943538665771,3.917572259902954,1.581027626991272,2.5699915885925293,3.760993242263794,2.874384641647339,2.6086089611053467,1.5069947242736816,3.2576234340667725,1.339455246925354,1.6149754524230957,0.29124876856803894,0.25626498460769653,0.7554382681846619,0.243343323469162,0.46257010102272034,0.6976596713066101,0.45194384455680847,0.38273289799690247,0.27088692784309387,1.233787178993225,0.6819629669189453,0.7195594906806946,0.12565679848194122,0.0947754755616188,0.3455350697040558,0.12674996256828308,0.23873823881149292,0.28524553775787354,0.22272756695747375,0.18147531151771545,0.10385521501302719,2.07542085647583,2.015626907348633,1.6273599863052368,0.34002169966697693,0.24611730873584747,0.8679640293121338,0.4125826954841614,0.6506087183952332,0.7130847573280334,0.7279529571533203,0.619517982006073,0.2876211106777191,0.3886236250400543,0.6863729357719421,0.566064715385437,0.09100636094808578,0.07177965342998505,0.33515840768814087,0.17224033176898956,0.2435179501771927,0.26679039001464844,0.32542484998703003,0.26340463757514954,0.08841623365879059,6.51759672164917,10.355633735656738,9.333438873291016,8.583455085754395,7.9718780517578125,10.381547927856445,11.777518272399902,11.262146949768066,9.148058891296387,11.814315795898438,10.969537734985352,8.652477264404297
010292,0.1073051318526268,0.05170506611466408,0.0463186539709568,0.48284322023391724,0.2775247395038605,0.06188694387674332,0.3282376229763031,0.04819615185260773,0.06395456194877625,0.04593607038259506,0.12510935962200165,0.08388244360685349,7.104114532470703,7.656032562255859,8.964876174926758,1.6961075067520142,1.5438909530639648,3.3793091773986816,1.1808264255523682,3.4064621925354004,2.3356451988220215,2.9097788333892822,2.4429268836975098,1.7436442375183105,1.719970703125,1.9203437566757202,2.0981552600860596,0.4418678283691406,0.3832190930843353,0.7810219526290894,0.27266478538513184,0.8091360330581665,0.5568279027938843,0.7379600405693054,0.5866110920906067,0.41485872864723206,0.7410452961921692,1.0551714897155762,0.8791928887367249,0.2330014407634735,0.19682148098945618,0.36556747555732727,0.13133566081523895,0.3744821846485138,0.27313512563705444,0.37607479095458984,0.29544395208358765,0.2094169408082962,1.1783990859985352,1.585302710533142,1.4793487787246704,0.33035898208618164,0.2819404900074005,0.6362677216529846,0.2118789404630661,0.6211321949958801,0.4557666480541229,0.574779212474823,0.46751323342323303,0.30645906925201416,0.16500811278820038,0.09974882751703262,0.28119319677352905,0.016170118004083633,0.022009845823049545,0.11446994543075562,0.03079734742641449,0.09427510201931,0.06751479208469391,0.0458105094730854,0.05453095585107803,0.024211473762989044,7.260926246643066,7.791506767272949,7.494136333465576,7.489048480987549,7.351696014404297,8.038986206054688,7.590943813323975,7.731949806213379,8.047053337097168,7.707687854766846,7.754232406616211,7.125162124633789
010294,0.1321660280227661,0.10932204127311707,0.0858769342303276,0.510884702205658,0.5667597055435181,0.05668915808200836,0.2050720602273941,0.07859130203723907,0.04295133054256439,0.15073099732398987,0.1863396018743515,0.17815998196601868,11.940597534179688,14.41340160369873,13.55309772491455,3.4269349575042725,2.2085278034210205,4.912294387817383,2.3297741413116455,5.826659202575684,3.2641186714172363,4.978838920593262,3.779623031616211,2.884660482406616,2.82364559173584,3.501262664794922,2.9217934608459473,0.7723109722137451,0.5276152491569519,1.043881893157959,0.5000205636024475,1.2974849939346313,0.7453599572181702,1.2204011678695679,0.744613528251648,0.6481245756149292,1.28521728515625,1.9125556945800781,1.2363492250442505,0.41376179456710815,0.3046114444732666,0.4794144332408905,0.2538205087184906,0.6026265025138855,0.4021400511264801,0.6063942313194275,0.37176740169525146,0.3479980230331421,2.2787418365478516,3.1859161853790283,2.273798704147339,0.7073647975921631,0.5331591367721558,0.8903451561927795,0.4920341372489929,1.0800588130950928,0.7646039128303528,0.9808116555213928,0.7256982922554016,0.6216306090354919,0.43752798438072205,0.37267860770225525,0.5525275468826294,0.08135519176721573,0.05572015792131424,0.19133323431015015,0.10554558783769608,0.21767237782478333,0.14312930405139923,0.10217881202697754,0.1421123445034027,0.08678916841745377,8.220419883728027,8.480802536010742,7.784139156341553,7.997120380401611,8.83608627319336,7.967852592468262,8.81985855102539,8.059649467468262,9.31081771850586,7.807918071746826,8.036242485046387,8.409428596496582
010295,0.12070904672145844,0.06488770991563797,0.06636793911457062,0.6193963885307312,0.40527692437171936,0.07450630515813828,0.3697522282600403,0.07647261023521423,0.06698006391525269,0.10772166401147842,0.21053968369960785,0.1283027082681656,14.864596366882324,16.909997940063477,9.520030975341797,3.740567684173584,2.8633482456207275,6.618514537811279,2.1801235675811768,6.265064716339111,4.019652366638184,5.978298187255859,3.727532386779785,3.2260501384735107,4.095847129821777,5.211426734924316,2.4478511810302734,1.1416454315185547,0.864483654499054,1.792375087738037,0.6552272439002991,1.7597283124923706,1.1744385957717896,1.8144350051879883,1.0554606914520264,0.9592819809913635,1.9722243547439575,2.9875731468200684,1.0361933708190918,0.7062976956367493,0.5212283134460449,0.8517581820487976,0.37941762804985046,0.8736557960510254,0.6372283101081848,1.0382118225097656,0.6015124917030334,0.5696413516998291,2.9424710273742676,3.7745163440704346,1.4520223140716553,0.8955262303352356,0.6016917824745178,1.2120685577392578,0.5040300488471985,1.2385904788970947,0.8708385825157166,1.4376966953277588,0.7612389922142029,0.6854981184005737,0.20345759391784668,0.15553635358810425,0.07625642418861389,0.03600652515888214,0.020986605435609818,0.06028968095779419,0.022158371284604073,0.06077999621629715,0.040087874978780746,0.06614807993173599,0.03111986815929413,0.025875236839056015,7.762294292449951,8.393634796142578,6.5215654373168945,8.742476463317871,8.083223342895508,7.2733988761901855,8.528955459594727,7.658050537109375,8.149459838867188,8.747176170349121,7.826204776763916,8.10302448272705
010296,0.12801402807235718,0.066095270216465,0.06792330741882324,0.45461252331733704,0.3971509039402008,0.08933901786804199,0.25669750571250916,0.05421629920601845,0.05254928767681122,0.11986390501260757,0.13481387495994568,0.08710937947034836,15.868284225463867,13.13530158996582,11.53317928314209,2.764253616333008,2.328847885131836,6.578976631164551,2.136476516723633,5.306238651275635,4.412067890167236,4.2686076164245605,2.231795072555542,2.6708598136901855,3.567070960998535,2.867759943008423,2.567802906036377,0.5959556698799133,0.5017324090003967,1.526444911956787,0.467145174741745,1.1768004894256592,1.050203800201416,0.9844317436218262,0.5030187964439392,0.5711120367050171,1.5797735452651978,1.8024282455444336,1.2127387523651123,0.3460606038570404,0.2855456471443176,0.7813769578933716,0.276650071144104,0.612419605255127,0.5736095309257507,0.5510571599006653,0.2954542636871338,0.3391938805580139,2.7202048301696777,3.2184088230133057,2.463963747024536,0.5636522173881531,0.49374711513519287,1.5288314819335938,0.5604812502861023,1.176950216293335,1.078070878982544,0.9759889841079712,0.5437098741531372,0.6182278990745544,0.47915640473365784,0.4266148805618286,0.6969818472862244,0.02927319146692753,0.05983809009194374,0.3447002172470093,0.12211545556783676,0.2395128756761551,0.19519826769828796,0.12343420088291168,0.08266036957502365,0.0898582711815834,7.519524097442627,9.052054405212402,9.478142738342285,7.391970157623291,8.123047828674316,9.607834815979004,10.308082580566406,9.062488555908203,9.582951545715332,8.65478801727295,9.230408668518066,8.796009063720703
010297,0.12671074271202087,0.05070556700229645,0.07537882775068283,0.7270294427871704,0.3348955512046814,0.060866326093673706,0.25838226079940796,0.04644830524921417,0.04745996370911598,0.06164715066552162,0.15309326350688934,0.12038878351449966,11.228221893310547,9.134246826171875,15.77193832397461,2.888606309890747,2.323578119277954,4.2850871086120605,1.7731480598449707,4.133689880371094,2.6285388469696045,3.309697389602661,1.6718904972076416,1.8805475234985352,2.4606244564056396,1.8854566812515259,3.4033071994781494,0.6787635684013367,0.5506641268730164,0.96746826171875,0.4256822466850281,0.9051392674446106,0.6607967019081116,0.757273256778717,0.3651644289493561,0.46078792214393616,0.8190463781356812,0.6434221863746643,1.1317756175994873,0.2116250991821289,0.1655973345041275,0.3585793077945709,0.1503523886203766,0.3299262821674347,0.24362173676490784,0.2564348876476288,0.1266290247440338,0.1441761553287506,1.013838291168213,0.8991276621818542,1.4227714538574219,0.2477000206708908,0.20143558084964752,0.5341498255729675,0.19857998192310333,0.5124730467796326,0.3443058729171753,0.3315087854862213,0.227052241563797,0.1806487739086151,0.047668132930994034,0.11193849891424179,0.06844478100538254,0.013828575611114502,0.021055426448583603,0.07113088667392731,0.014536664821207523,0.08727721124887466,0.036161746829748154,0.025018777698278427,0.05979170277714729,0.019575180485844612,4.898463249206543,5.279685974121094,4.877042770385742,4.9345831871032715,5.127654075622559,6.084841728210449,5.61134672164917,6.198614597320557,6.267009735107422,5.2844977378845215,6.974684715270996,5.408888339996338
010298,0.12802013754844666,0.09369561076164246,0.07832438498735428,0.6530675888061523,0.47978460788726807,0.0678817480802536,0.4361977279186249,0.05547373741865158,0.058158405125141144,0.09123116731643677,0.2779525816440582,0.14044833183288574,10.24622917175293,8.195821762084961,6.266963481903076,2.7943267822265625,1.5173721313476562,5.948728561401367,1.4821475744247437,4.0499701499938965,3.4590179920196533,2.7518985271453857,2.0559463500976562,1.7607884407043457,2.4739668369293213,2.1058285236358643,1.3738641738891602,0.7878298163414001,0.4226001799106598,1.4387271404266357,0.37035050988197327,0.9613419771194458,0.8717955350875854,0.7098755240440369,0.541968584060669,0.464900404214859,0.8579736351966858,0.8944562077522278,0.5025381445884705,0.2639240622520447,0.1432380974292755,0.5717085003852844,0.13646194338798523,0.3786216378211975,0.33586937189102173,0.2560591697692871,0.2216496616601944,0.16784122586250305,1.064126968383789,1.1840028762817383,0.7418869137763977,0.2790496349334717,0.14472642540931702,0.8272303938865662,0.18416494131088257,0.5595778822898865,0.4510270357131958,0.30226975679397583,0.29990896582603455,0.19874203205108643,0.0500904843211174,0.0804186463356018,0.10575054585933685,0.011152369901537895,0.005651384126394987,0.0789102166891098,0.02708492800593376,0.07323327660560608,0.03714468702673912,0.01337196584790945,0.03589291870594025,0.01833326555788517,5.333070278167725,6.444629192352295,5.929123878479004,5.488795280456543,5.377708435058594,6.349898815155029,6.305612564086914,6.48717737197876,6.153072834014893,5.566562652587891,6.797301769256592,5.883296966552734
010299,0.1071590781211853,0.05569050833582878,0.0686822161078453,0.42935800552368164,0.21644628047943115,0.05256788805127144,0.24452045559883118,0.04193201661109924,0.04617679491639137,0.05221647769212723,0.16548150777816772,0.09280775487422943,56.372737884521484,82.36957550048828,49.22939682006836,13.44559097290039,11.341347694396973,24.701305389404297,10.597955703735352,22.044721603393555,22.429349899291992,24.201086044311523,10.569586753845215,11.123405456542969,15.2672700881958,24.252925872802734,12.645402908325195,4.391368865966797,3.682438373565674,6.578200817108154,3.234243154525757,6.355351448059082,6.009024143218994,7.726522922515869,3.0882644653320312,3.244309902191162,7.049815654754639,12.50515079498291,5.84059476852417,2.3414738178253174,2.059945821762085,3.5850343704223633,1.7224770784378052,3.4269866943359375,3.0530481338500977,4.050975322723389,1.6677995920181274,1.8054081201553345,10.72873306274414,16.374427795410156,9.737217903137207,2.8575541973114014,2.4561147689819336,6.3809685707092285,2.3517212867736816,5.379472732543945,4.653830528259277,5.545186996459961,2.2786262035369873,2.3963913917541504,1.0222249031066895,0.7143128514289856,1.5340921878814697,0.11298303306102753,0.09207145124673843,0.9650760293006897,0.10846464335918427,0.37020131945610046,0.3450970947742462,0.25655701756477356,0.10353749990463257,0.10383982211351395,7.7410101890563965,7.747626304626465,8.28463363647461,8.254874229431152,8.338374137878418,9.846379280090332,8.336406707763672,8.877284049987793,7.970370292663574,8.577104568481445,8.115880012512207,8.10876750946045
010300,0.09442861378192902,0.05294133350253105,0.05323667824268341,0.4879986643791199,0.2734137773513794,0.053315117955207825,0.24301686882972717,0.036185622215270996,0.036402568221092224,0.060399379581213,0.12564611434936523,0.10543569922447205,14.950732231140137,50.583438873291016,16.4693660736084,3.2866415977478027,2.914263963699341,11.934985160827637,3.936370611190796,9.383407592773438,15.44029426574707,9.726456642150879,7.8651885986328125,4.418243885040283,2.7435989379882812,6.090245723724365,3.4280612468719482,0.8232938647270203,0.7761124968528748,2.722626209259033,0.7307494282722473,1.9679808616638184,2.1765825748443604,2.1374869346618652,1.4125674962997437,0.9530975222587585,1.2646141052246094,3.480710029602051,1.538372278213501,0.5768061876296997,0.4789019525051117,1.397226333618164,0.44817835092544556,1.0214344263076782,0.9454748630523682,1.1650313138961792,0.7930909991264343,0.6483220458030701,2.4318878650665283,5.643870830535889,2.9561893939971924,0.8889700174331665,0.6638086438179016,2.5379953384399414,0.783263623714447,1.8214856386184692,1.782575249671936,1.9215781688690186,1.4030295610427856,1.0719218254089355,0.6027933359146118,0.5630383491516113,0.769077479839325,0.04420177638530731,0.03029274195432663,0.4654103219509125,0.10201077908277512,0.3098331689834595,0.41825610399246216,0.23676221072673798,0.23564395308494568,0.09935620427131653,7.468367099761963,4.97636604309082,8.194998741149902,9.097265243530273,8.258840560913086,8.697385787963867,7.688300609588623,7.992318630218506,5.767557621002197,7.814781665802002,7.389585971832275,8.648333549499512
010301,0.16433025896549225,0.0584498792886734,0.06484170258045197,0.4396575689315796,0.2757636606693268,0.06613872945308685,0.28159859776496887,0.05923335626721382,0.07091258466243744,0.06631439179182053,0.18877984583377838,0.09355104714632034,13.245305061340332,28.870962142944336,25.861440658569336,4.443831920623779,3.4237401485443115,15.804197311401367,4.711430549621582,10.383442878723145,10.037642478942871,8.579262733459473,6.439084529876709,4.820413112640381,3.202157497406006,7.475543022155762,5.8026347160339355,1.09961998462677,0.7966532707214355,3.986902952194214,1.2146186828613281,2.5773849487304688,2.5719895362854004,2.286543607711792,1.6275064945220947,1.2126814126968384,1.4932602643966675,5.286667823791504,2.4206268787384033,0.7468623518943787,0.5553814768791199,2.123600482940674,0.7427045106887817,1.4193236827850342,1.5035516023635864,1.4946914911270142,1.124932050704956,0.8167927265167236,2.175913095474243,8.019747734069824,3.9027397632598877,1.057329535484314,0.7883437871932983,3.7152106761932373,1.1450270414352417,2.359269142150879,2.3628664016723633,2.38016676902771,1.7327977418899536,1.173153281211853,0.10888451337814331,0.37593892216682434,0.6111220121383667,0.04533712565898895,0.03397974744439125,0.5639552474021912,0.05703667923808098,0.25394779443740845,0.13513042032718658,0.12030448019504547,0.0830342173576355,0.05196334794163704,6.67700719833374,9.294957160949707,6.865479946136475,8.348283767700195,8.102142333984375,9.176798820495605,8.525450706481934,8.583047866821289,8.39712905883789,9.336360931396484,9.072577476501465,8.499086380004883
010302,0.09144773334264755,0.06290587782859802,0.05632477626204491,0.7060407400131226,0.17835500836372375,0.03675113618373871,0.2090454399585724,0.03804986551403999,0.06538126617670059,0.06264261156320572,0.09123075753450394,0.18751180171966553,9.907413482666016,12.045223236083984,7.28449821472168,1.422385811805725,1.3742903470993042,3.346998691558838,1.9366625547409058,2.655022144317627,3.3984124660491943,2.7293167114257812,3.876889944076538,2.1149699687957764,1.6978034973144531,1.2220982313156128,1.5680257081985474,0.24742041528224945,0.24681442975997925,0.5313864946365356,0.25995612144470215,0.40128663182258606,0.461215615272522,0.4373508095741272,0.4807358384132385,0.3390863239765167,0.9414728283882141,0.8179565072059631,0.6908208131790161,0.13479606807231903,0.14264576137065887,0.3148879110813141,0.16684560477733612,0.24441538751125336,0.30246666073799133,0.2401311695575714,0.3062898516654968,0.19657999277114868,2.808237075805664,3.6373772621154785,1.3548694849014282,0.35344234108924866,0.39865949749946594,1.0263853073120117,0.6234307289123535,0.814262866973877,1.1263092756271362,0.7012008428573608,1.1855524778366089,0.6190645694732666,1.285933494567871,2.085514545440674,0.35928407311439514,0.1021803766489029,0.14050443470478058,0.49751049280166626,0.31820955872535706,0.3896961808204651,0.5795246362686157,0.2780348062515259,0.5937574505805969,0.2568347752094269,13.1395263671875,14.685492515563965,8.461548805236816,10.261893272399902,12.273700714111328,14.226414680480957,14.955573081970215,14.105841636657715,15.389196395874023,11.48204517364502,14.146136283874512,12.921882629394531
010303,0.13698352873325348,0.060644909739494324,0.07774245738983154,0.6835442781448364,0.40845030546188354,0.06924042850732803,0.21743591129779816,0.06471577286720276,0.05620529502630234,0.08146233856678009,0.13663089275360107,0.1294596791267395,21.696557998657227,33.4968376159668,17.067136764526367,3.568594217300415,2.772164821624756,12.9219388961792,3.506747007369995,8.05846881866455,8.776131629943848,5.662682056427002,5.557933807373047,5.221975326538086,4.598764419555664,6.614825248718262,3.8698952198028564,0.8279308676719666,0.6927235722541809,2.982571601867676,0.6752017140388489,1.7699183225631714,1.882792353630066,1.2791465520858765,1.2526148557662964,1.2071412801742554,1.831217885017395,2.088885545730591,1.801898717880249,0.41177332401275635,0.3215020000934601,1.2343071699142456,0.3371533751487732,0.8091066479682922,0.8124654293060303,0.6160370707511902,0.57860267162323,0.49971863627433777,3.0172019004821777,2.766256332397461,3.764702081680298,0.7484729886054993,0.5609687566757202,2.1817214488983154,0.7705663442611694,1.6107743978500366,1.522811770439148,1.1329624652862549,1.1203783750534058,0.8665616512298584,0.5396891832351685,0.35256722569465637,1.15827476978302,0.1310797780752182,0.09007010608911514,0.4947768747806549,0.24407067894935608,0.4345681667327881,0.36663714051246643,0.21714304387569427,0.25617197155952454,0.1696261167526245,6.592352867126465,4.8410325050354,9.918440818786621,8.566576957702637,8.374906539916992,7.806164264678955,9.74644660949707,8.938023567199707,7.926046371459961,8.397199630737305,8.709178924560547,7.527935981750488
010304,0.155500128865242,0.07649724930524826,0.08528409898281097,0.4026317000389099,0.29116925597190857,0.08532582223415375,0.19112442433834076,0.08032715320587158,0.05827750265598297,0.08717100322246552,0.21210633218288422,0.09249158203601837,16.454879760742188,18.401182174682617,25.418840408325195,5.1272101402282715,3.83978009223938,7.506816864013672,4.02418327331543,11.349727630615234,4.369841575622559,6.862913608551025,5.685492992401123,2.7364439964294434,4.235632419586182,5.4392924308776855,6.475632667541504,1.5479722023010254,1.0456695556640625,2.0882463455200195,1.246800422668457,3.4179904460906982,1.2288860082626343,1.8883733749389648,1.429363489151001,0.8216193318367004,1.798331379890442,2.8251898288726807,2.8463969230651855,0.7975174188613892,0.5403104424476624,0.9644833207130432,0.6414178013801575,1.672376275062561,0.6062108278274536,0.9489019513130188,0.7316935062408447,0.4206138253211975,2.493631362915039,3.4373085498809814,4.515862941741943,0.9788761734962463,0.6613932847976685,1.3480618000030518,0.8539509773254395,2.347080707550049,0.8282127380371094,1.3119497299194336,0.9735475778579712,0.4685528874397278,0.12420792877674103,0.1402687132358551,0.6276490092277527,0.0398215726017952,0.026466717943549156,0.06669315695762634,0.039178039878606796,0.1154942736029625,0.03909679129719734,0.06197609379887581,0.0445222333073616,0.01702471449971199,6.488522052764893,7.506394386291504,7.628786087036133,7.631357669830322,7.043340682983398,7.237025260925293,8.154735565185547,7.979948043823242,7.475676536560059,7.474496841430664,6.9006476402282715,7.2050886154174805
010305,0.19624945521354675,0.11360768228769302,0.05071812495589256,0.5501831769943237,0.5328154563903809,0.060134775936603546,0.2759128212928772,0.09302299469709396,0.07483340054750443,0.1304909735918045,0.1796981245279312,0.14968937635421753,30.830825805664062,49.09096908569336,23.093048095703125,8.550642013549805,6.816535949707031,16.295019149780273,5.512831687927246,13.46475887298584,7.769586086273193,11.476183891296387,6.409223556518555,5.649142742156982,8.198138236999512,13.994823455810547,5.641382694244385,2.4840807914733887,2.0905370712280273,4.198983669281006,1.5392735004425049,3.5250394344329834,2.070608615875244,3.376103162765503,1.7672573328018188,1.581496000289917,4.248175144195557,9.320518493652344,2.6637723445892334,1.6657133102416992,1.3661372661590576,2.2482035160064697,1.0074025392532349,1.9554511308670044,1.286996841430664,2.047657012939453,1.1312388181686401,1.1165846586227417,7.07304573059082,13.35930347442627,4.509561061859131,2.385528087615967,1.7618227005004883,3.6832778453826904,1.5177186727523804,3.1044559478759766,1.9578304290771484,3.0241241455078125,1.6194937229156494,1.511904239654541,0.8585562705993652,0.5999760031700134,0.7062703371047974,0.10711192339658737,0.07045148313045502,0.35249409079551697,0.07262144237756729,0.20844294130802155,0.0958906039595604,0.14559893310070038,0.07359784096479416,0.061366308480501175,8.855405807495117,9.328207015991211,8.136310577392578,9.518925666809082,9.177868843078613,8.506490707397461,9.367369651794434,8.399299621582031,8.774194717407227,9.198631286621094,8.851219177246094,9.204679489135742
010306,0.17541274428367615,0.07763895392417908,0.06722365319728851,0.520438551902771,0.4731002151966095,0.08459444344043732,0.3086881935596466,0.04258197173476219,0.07456432282924652,0.12888114154338837,0.13939568400382996,0.1732337325811386,23.74140739440918,19.72614860534668,27.41990089416504,4.04719877243042,2.721696376800537,10.213765144348145,3.684682846069336,9.903423309326172,7.765448093414307,7.280993461608887,4.74078369140625,3.9482388496398926,5.526715278625488,4.404082298278809,6.181912422180176,0.9662171602249146,0.5820199847221375,2.2403676509857178,0.8536131978034973,2.19450306892395,1.7434048652648926,1.6622666120529175,1.169532299041748,0.8998500108718872,1.9555290937423706,1.5946662425994873,2.1466586589813232,0.279384046792984,0.1536475270986557,0.7881434559822083,0.29560616612434387,0.7693372964859009,0.6710014343261719,0.5274431109428406,0.3947955369949341,0.2716491222381592,2.6217901706695557,2.513415813446045,2.770759344100952,0.33750906586647034,0.210657998919487,1.1107869148254395,0.45564258098602295,1.1399415731430054,1.0857293605804443,0.6349862813949585,0.4781416654586792,0.34550607204437256,0.20784901082515717,0.5786625742912292,0.13599587976932526,0.05169203132390976,0.058735936880111694,0.1371593326330185,0.10085608065128326,0.1974938064813614,0.2179573029279709,0.0439990870654583,0.043138135224580765,0.059242427349090576,5.552156925201416,6.603801727294922,5.17581844329834,5.208622455596924,5.253874778747559,5.609170436859131,6.508553504943848,5.9952850341796875,6.8108415603637695,4.965928077697754,5.467685222625732,5.303861141204834
010307,0.12156949937343597,0.060162682086229324,0.05513465031981468,0.9678452610969543,0.5187454223632812,0.053952403366565704,0.3156834542751312,0.05051804333925247,0.05298837274312973,0.03879901394248009,0.21624663472175598,0.05581517890095711,8.111957550048828,9.365455627441406,8.359021186828613,1.7213586568832397,1.1342759132385254,5.286932468414307,2.0964503288269043,4.110293865203857,2.9874143600463867,2.005253791809082,1.5614843368530273,1.7462910413742065,1.7509613037109375,1.8154418468475342,1.7964318990707397,0.3286114037036896,0.2297954559326172,1.1431171894073486,0.4222745895385742,0.8338425755500793,0.6152911186218262,0.398250013589859,0.30987322330474854,0.3439226746559143,0.7904255986213684,1.3190935850143433,0.8314369320869446,0.21469447016716003,0.11870090663433075,0.6427981853485107,0.25578808784484863,0.49091866612434387,0.31442779302597046,0.1937345266342163,0.1570730060338974,0.22330999374389648,1.504599928855896,3.0321526527404785,1.686065912246704,0.46455997228622437,0.2354075163602829,1.4526370763778687,0.5535793304443359,1.1214827299118042,0.6295130848884583,0.38385674357414246,0.30598416924476624,0.49927350878715515,0.31008753180503845,0.3493395745754242,0.4389100670814514,0.03081519715487957,0.013280697166919708,0.37054726481437683,0.07947631180286407,0.25390440225601196,0.0967603325843811,0.045141253620386124,0.02764888107776642,0.042953044176101685,8.029050827026367,10.531742095947266,8.885480880737305,8.723058700561523,7.339946746826172,10.990303039550781,9.451435089111328,10.546077728271484,8.232878684997559,7.424572467803955,7.330491065979004,9.321045875549316
010308,0.1435125321149826,0.11648766696453094,0.09149549156427383,0.9117287397384644,0.5330958366394043,0.05732570216059685,0.3949551284313202,0.05990070849657059,0.07832705974578857,0.12065114825963974,0.286150723695755,0.21920213103294373,17.622983932495117,17.638612747192383,11.785402297973633,4.752146244049072,2.5710830688476562,8.015186309814453,3.363436698913574,6.106311798095703,3.9047625064849854,6.72697639465332,5.320735454559326,3.4735658168792725,4.110705852508545,4.280355930328369,2.6471424102783203,1.1849143505096436,0.6095024943351746,1.7808849811553955,0.793596625328064,1.3621714115142822,0.9261170029640198,1.6566628217697144,1.2499674558639526,0.7978527545928955,1.9012058973312378,2.7984180450439453,1.069652795791626,0.6337162256240845,0.32061687111854553,0.8460567593574524,0.40540122985839844,0.6174940466880798,0.42516404390335083,0.8622084259986877,0.5906697511672974,0.4436512291431427,3.2865967750549316,4.719217300415039,1.7238237857818604,0.9692003726959229,0.48795565962791443,1.5865060091018677,0.6757704019546509,1.0687800645828247,0.706119954586029,1.3743585348129272,0.9109506011009216,0.7347044944763184,0.5514681935310364,0.2406495362520218,0.2731892466545105,0.04748682305216789,0.023286236450076103,0.3266715705394745,0.07364968210458755,0.17474503815174103,0.10362023115158081,0.08356036245822906,0.06271491199731827,0.06521321088075638,7.914176940917969,8.935843467712402,6.75272274017334,7.584847927093506,7.194315433502197,8.42143726348877,7.87217903137207,7.520270347595215,7.652138710021973,7.649835586547852,6.895911693572998,7.935774803161621
010309,0.12247949093580246,0.07521676272153854,0.07584936171770096,0.40240657329559326,0.3197169899940491,0.04321747645735741,0.222392275929451,0.04816107451915741,0.07549286633729935,0.07236633449792862,0.26686352491378784,0.09389588981866837,9.412433624267578,8.106912612915039,7.831608295440674,1.366781234741211,0.8486170172691345,3.5600743293762207,0.871543288230896,2.583065986633301,2.0895984172821045,1.705969214439392,1.4551713466644287,1.3900710344314575,2.161823272705078,2.0190322399139404,1.6606813669204712,0.35686010122299194,0.20916634798049927,0.8252072334289551,0.1983354687690735,0.5511047840118408,0.46422484517097473,0.39202606678009033,0.30850356817245483,0.3520664572715759,0.8179646730422974,1.101392149925232,0.5565482378005981,0.17759168148040771,0.07413509488105774,0.3495791554450989,0.08110860735177994,0.22744978964328766,0.1933051496744156,0.20089034736156464,0.1290014386177063,0.14525429904460907,1.092345118522644,1.6519856452941895,0.719804584980011,0.23368632793426514,0.09076163172721863,0.5734463930130005,0.11847909539937973,0.37811359763145447,0.2905232906341553,0.3429592549800873,0.19942636787891388,0.1739046424627304,0.053729698061943054,0.16448374092578888,0.050624728202819824,0.010564494878053665,0.015209736302495003,0.10332245379686356,0.01914605312049389,0.07707533985376358,0.04311880096793175,0.06527499109506607,0.036960382014513016,0.007549604866653681,5.536013603210449,8.005440711975098,4.968591213226318,6.9691691398620605,5.96006965637207,7.322007656097412,6.554376602172852,6.949206352233887,6.522942543029785,8.482425689697266,6.610602855682373,5.902842998504639
010310,0.14022307097911835,0.08175813406705856,0.06362590193748474,0.714522123336792,0.7875379920005798,0.06245260313153267,0.32568252086639404,0.06028197705745697,0.08697186410427094,0.07882412523031235,0.19569389522075653,0.16462159156799316,10.418006896972656,18.211471557617188,7.9009881019592285,1.873462200164795,0.8175402879714966,6.553632736206055,2.013852834701538,5.327978610992432,2.880324125289917,4.7574615478515625,2.9166970252990723,2.1127207279205322,2.5722780227661133,1.5499098300933838,1.551637887954712,0.47698792815208435,0.19147135317325592,1.0474638938903809,0.32108375430107117,0.7731244564056396,0.708497166633606,0.7129309773445129,0.3987995684146881,0.46030616760253906,1.0507044792175293,0.6831507682800293,0.5457722544670105,0.22225752472877502,0.08660661429166794,0.3237701654434204,0.11835695058107376,0.2519652247428894,0.33059075474739075,0.24354487657546997,0.15411913394927979,0.1955561488866806,1.6040033102035522,1.366469144821167,0.7721971273422241,0.3499663472175598,0.15095922350883484,0.45688894391059875,0.192848339676857,0.3936687707901001,0.5782500505447388,0.3728591501712799,0.2741885483264923,0.31652215123176575,0.17442233860492706,0.18735438585281372,0.07109805941581726,0.020461352542042732,0.01612568087875843,0.05165764316916466,0.02398766204714775,0.05619795620441437,0.08547721058130264,0.036651208996772766,0.04082715883851051,0.029030567035079002,6.8042192459106445,3.9556217193603516,5.075923919677734,7.286163330078125,7.431385517120361,4.244935989379883,4.906667232513428,4.333020210266113,8.209074020385742,4.344557762145996,4.800103664398193,6.423058032989502
010311,0.09655679762363434,0.07925619184970856,0.07703609019517899,0.5557172894477844,0.43156999349594116,0.054803818464279175,0.3712107837200165,0.06284841150045395,0.07597163319587708,0.08499187976121902,0.12268075346946716,0.13567645847797394,12.044212341308594,8.860958099365234,11.69410228729248,2.015387773513794,1.8369545936584473,5.488199710845947,1.7699593305587769,4.090755939483643,4.310100078582764,3.3865106105804443,2.2740540504455566,2.5207736492156982,2.535745143890381,1.7933144569396973,2.544708013534546,0.4044489860534668,0.3887939751148224,1.1512348651885986,0.36400631070137024,0.8815382719039917,0.9162529110908508,0.6911095976829529,0.47582095861434937,0.5210649967193604,1.0228025913238525,0.8672370314598083,1.0114551782608032,0.1819954514503479,0.16807197034358978,0.46529093384742737,0.15494711697101593,0.37261614203453064,0.3873777985572815,0.29739540815353394,0.2024916261434555,0.22704771161079407,1.685394287109375,1.5639793872833252,1.7029502391815186,0.3021691143512726,0.2964930832386017,0.7759925127029419,0.2602178156375885,0.6519140005111694,0.6453061699867249,0.5093538761138916,0.33417949080467224,0.3759116530418396,0.2735440135002136,0.25391003489494324,0.3342788517475128,0.027951207011938095,0.048349540680646896,0.13131161034107208,0.03592143580317497,0.12354225665330887,0.09353375434875488,0.07411034405231476,0.04149471968412399,0.04300174117088318,6.520326137542725,7.42159366607666,6.8980584144592285,6.329276084899902,7.0915913581848145,6.591089248657227,6.544495105743408,7.219542503356934,6.692417621612549,6.657772064208984,6.490647792816162,6.477068901062012
010314,0.10805441439151764,0.060758933424949646,0.035175956785678864,0.3848271071910858,0.20236948132514954,0.06329888105392456,0.18321971595287323,0.03702060133218765,0.03425506502389908,0.04685341939330101,0.09657362103462219,0.07279425859451294,2.049628496170044,69.3912582397461,28.708683013916016,1.092027187347412,4.308194160461426,11.07308292388916,5.9139838218688965,6.932158470153809,5.304279804229736,30.732500076293945,5.059634685516357,2.1742117404937744,0.26271316409111023,14.460834503173828,6.271886348724365,0.2617323398590088,1.005413293838501,2.46332049369812,1.217921495437622,1.6413837671279907,1.1294306516647339,6.283927917480469,1.104438066482544,0.5554220080375671,0.329305499792099,3.7129132747650146,2.178002119064331,0.2513091266155243,0.35430511832237244,0.8536277413368225,0.37890082597732544,0.6464982032775879,0.4326671063899994,1.464138388633728,0.41974443197250366,0.31394219398498535,1.0366350412368774,3.2340075969696045,2.8227062225341797,0.4683654308319092,0.43916207551956177,1.1014107465744019,0.4444054067134857,0.9507102370262146,0.7130162119865417,1.1430319547653198,0.654858410358429,0.5301447510719299,0.41562512516975403,0.10302431881427765,0.13809068500995636,0.05830754339694977,0.028059937059879303,0.05391142517328262,0.020521173253655434,0.10445937514305115,0.13106508553028107,0.03220142424106598,0.09726960211992264,0.07235787808895111,20.076711654663086,3.8788235187530518,5.075163841247559,13.752358436584473,5.343369007110596,5.130288124084473,4.500406742095947,6.359161376953125,6.518030166625977,3.639706611633301,6.254016399383545,9.35605525970459
010315,0.14869315922260284,0.05762889236211777,0.054812416434288025,0.8209347724914551,0.3733697831630707,0.06328443437814713,0.29938024282455444,0.0383230485022068,0.06609036773443222,0.055127035826444626,0.14503943920135498,0.08338965475559235,12.930305480957031,15.644271850585938,16.00531005859375,3.0517945289611816,2.5702414512634277,8.025044441223145,2.1848840713500977,6.389728546142578,4.594791889190674,5.385136127471924,3.9766101837158203,3.420710325241089,2.963869571685791,3.461963653564453,3.516566514968872,0.6691399216651917,0.5602542161941528,1.7813035249710083,0.4776135981082916,1.3903419971466064,0.9918288588523865,1.155354380607605,0.8687028884887695,0.7617275714874268,1.3672692775726318,1.989344596862793,1.6028473377227783,0.35630878806114197,0.2837699055671692,0.8342937231063843,0.2659209072589874,0.6651174426078796,0.49011507630348206,0.5618187785148621,0.4814671277999878,0.40277189016342163,2.454369068145752,3.5493152141571045,3.179313898086548,0.6112096309661865,0.48115819692611694,1.5734678506851196,0.5039272904396057,1.2694404125213623,0.9068849682807922,0.9850214719772339,0.8567553758621216,0.6815862655639648,0.4429739713668823,0.30898183584213257,0.8404521346092224,0.032169196754693985,0.02844081073999405,0.3175404965877533,0.06485922634601593,0.24502763152122498,0.13554202020168304,0.1100057065486908,0.07638251781463623,0.04068800434470177,8.06065559387207,8.20347785949707,8.860416412353516,7.315976142883301,7.072521686553955,8.336405754089355,8.63105297088623,8.31230640411377,7.944435119628906,7.312343597412109,7.944976806640625,7.376598358154297
010316,0.11635960638523102,0.055175915360450745,0.07319068163633347,0.499044805765152,0.5314976572990417,0.04778209328651428,0.2442893385887146,0.03700508922338486,0.062191590666770935,0.05532453581690788,0.17681890726089478,0.08310694247484207,16.388473510742188,7.598212242126465,9.010601043701172,1.9186937808990479,1.9141619205474854,3.903677463531494,1.1684709787368774,2.49357533454895,2.3680012226104736,3.1658101081848145,1.7693321704864502,2.291496753692627,3.779909133911133,1.9457645416259766,2.055081367492676,0.5216453671455383,0.5161768794059753,0.8931689858436584,0.3241613507270813,0.553931713104248,0.5404103994369507,0.7524837851524353,0.44039463996887207,0.5941451191902161,1.2763824462890625,0.6627795100212097,0.7749156951904297,0.15256324410438538,0.16071717441082,0.3492382764816284,0.11110179871320724,0.20478473603725433,0.20834937691688538,0.24410536885261536,0.15920639038085938,0.19073808193206787,1.588676929473877,0.9838804006576538,1.1884140968322754,0.15592622756958008,0.19197653234004974,0.6228481531143188,0.14848554134368896,0.34527042508125305,0.39646264910697937,0.31167072057724,0.25513696670532227,0.2767734229564667,0.07572387903928757,0.2195768505334854,0.1856309324502945,0.010039934888482094,0.025272103026509285,0.16293680667877197,0.02282397635281086,0.08365145325660706,0.12080112099647522,0.03692159056663513,0.05743297189474106,0.06353140622377396,5.1171441078186035,6.836817264556885,6.39222526550293,5.0956807136535645,5.755006313323975,7.739541530609131,6.573322772979736,6.972156047821045,8.23902702331543,5.460452079772949,7.213235855102539,6.639870643615723
010317,0.19397765398025513,0.07552538067102432,0.10416514426469803,0.6084637641906738,0.5555588006973267,0.0598251111805439,0.3016979396343231,0.05636647343635559,0.062286440283060074,0.06878500431776047,0.1640114188194275,0.16246044635772705,9.61699104309082,7.550299167633057,10.489885330200195,1.8043092489242554,1.726000428199768,4.492596626281738,1.5859962701797485,3.520681142807007,2.821532964706421,2.8834152221679688,2.9014532566070557,1.967202067375183,2.0513086318969727,1.703895926475525,2.2641546726226807,0.4228358864784241,0.4088146686553955,0.973967969417572,0.3681725561618805,0.7648208141326904,0.6163676977157593,0.6659838557243347,0.6391821503639221,0.42976129055023193,0.6695418953895569,0.786918580532074,0.8588336706161499,0.1805933713912964,0.1721055954694748,0.38329511880874634,0.16259703040122986,0.33770880103111267,0.23597471415996552,0.2911036014556885,0.28192996978759766,0.15565721690654755,0.8176348805427551,1.241811752319336,1.3806453943252563,0.27223312854766846,0.23469191789627075,0.6375969648361206,0.2698817849159241,0.6293798685073853,0.35749492049217224,0.45889002084732056,0.47359025478363037,0.22597606480121613,0.03852928429841995,0.18033243715763092,0.257217675447464,0.036793094128370285,0.019161727279424667,0.12920953333377838,0.04926937818527222,0.15524457395076752,0.05608944594860077,0.06397076696157455,0.08494649082422256,0.04031865671277046,4.747787952423096,7.1712775230407715,6.457118034362793,6.824610233306885,6.200623512268066,6.830513954162598,7.586074352264404,8.142524719238281,6.2104010581970215,7.026954650878906,7.305851936340332,6.007737159729004
010318,0.17061170935630798,0.0873263031244278,0.06367800384759903,0.5422728657722473,0.6118577718734741,0.08022773265838623,0.31345242261886597,0.047861721366643906,0.05490805208683014,0.14001484215259552,0.19682341814041138,0.12201660126447678,11.00673770904541,11.685388565063477,7.686332702636719,1.925274133682251,1.6061707735061646,8.571609497070312,2.3933451175689697,4.99724817276001,6.020400047302246,4.958847999572754,3.064101457595825,2.520890712738037,2.314727783203125,2.0356271266937256,1.559141993522644,0.3336428999900818,0.2848897874355316,1.5969890356063843,0.46008631587028503,0.9334012269973755,1.1353905200958252,0.9342715740203857,0.5547431707382202,0.42256125807762146,0.9168940782546997,1.0597500801086426,0.6898238658905029,0.14822162687778473,0.12920618057250977,0.6839590072631836,0.2108454406261444,0.38231831789016724,0.5363700985908508,0.4098016917705536,0.2885737717151642,0.18949508666992188,1.6520122289657593,2.6045620441436768,1.5134387016296387,0.36215105652809143,0.334197461605072,1.4990980625152588,0.48826223611831665,0.7672089338302612,1.2476532459259033,0.9085330367088318,0.7306438684463501,0.4921332597732544,0.351862370967865,0.5468525886535645,0.4976640045642853,0.0653129294514656,0.07038827240467072,0.4593470096588135,0.12679508328437805,0.17900776863098145,0.35343432426452637,0.2174348384141922,0.1674741953611374,0.11894143372774124,7.0608978271484375,8.797781944274902,9.176222801208496,7.614835262298584,8.409850120544434,8.212605476379395,8.788864135742188,7.120420932769775,9.051762580871582,8.011289596557617,9.44690227508545,8.225688934326172
010319,0.11871616542339325,0.051631856709718704,0.0760110393166542,0.6134359240531921,0.3823968172073364,0.0661509558558464,0.3756893575191498,0.05048517882823944,0.047066524624824524,0.08823375403881073,0.1534416824579239,0.12603577971458435,60.50070571899414,77.29837799072266,61.8720817565918,16.248458862304688,7.73975133895874,50.05995559692383,15.514636993408203,35.60002517700195,34.34391784667969,24.447080612182617,19.14322853088379,13.860265731811523,14.676091194152832,20.04616355895996,14.69571304321289,3.9014759063720703,1.756030797958374,12.440044403076172,3.844778299331665,8.81508731842041,8.72644329071045,5.973912715911865,4.388340473175049,3.182617425918579,6.690182209014893,13.029499053955078,7.119335651397705,2.5939247608184814,1.1710628271102905,6.617930889129639,2.3314619064331055,4.762669086456299,4.977423667907715,3.5111942291259766,2.8567771911621094,2.1632373332977295,10.414979934692383,19.26692771911621,13.202259063720703,3.996223211288452,1.7706831693649292,11.7481107711792,3.727109909057617,8.028075218200684,8.102937698364258,5.530544281005859,4.638218402862549,3.2902753353118896,0.9598660469055176,0.8917198777198792,2.794898271560669,0.18416494131088257,0.07698321342468262,1.783381462097168,0.1890665739774704,0.8457447290420532,0.5490948557853699,0.2759651243686676,0.23002827167510986,0.15033432841300964,7.114376068115234,8.664278030395508,8.997397422790527,8.459775924682617,8.00112533569336,9.138045310974121,8.393196105957031,8.510068893432617,8.476594924926758,8.058711051940918,8.3237943649292,8.221142768859863
010321,0.12309727817773819,0.06651090085506439,0.061870280653238297,0.5336383581161499,0.2704245448112488,0.06152961030602455,0.3095634877681732,0.05535703897476196,0.04943448677659035,0.09877707064151764,0.13879944384098053,0.09964413195848465,43.504638671875,63.691158294677734,31.42642593383789,9.796906471252441,5.12571907043457,32.92042541503906,8.555017471313477,19.466564178466797,16.487506866455078,19.837745666503906,11.22006893157959,8.965681076049805,11.590877532958984,18.244901657104492,7.888250827789307,2.8500800132751465,1.4458295106887817,8.130859375,2.461207628250122,5.207986354827881,4.532926082611084,5.832394123077393,3.1510326862335205,2.439415216445923,5.778148651123047,11.656712532043457,3.757988929748535,1.8289053440093994,0.9822109341621399,4.711100101470947,1.5232044458389282,3.1043615341186523,2.644595146179199,3.5116376876831055,2.1195147037506104,1.6936707496643066,9.40776538848877,17.36764907836914,6.415839672088623,2.5952444076538086,1.2672199010849,9.535003662109375,2.3494694232940674,5.599959373474121,4.248039722442627,5.378040313720703,3.3847477436065674,2.5775039196014404,1.0901501178741455,0.8343979120254517,1.0387972593307495,0.116297647356987,0.049342624843120575,2.0313498973846436,0.11787338554859161,0.7123070359230042,0.256531685590744,0.2700880169868469,0.1701379120349884,0.12211614847183228,8.48996639251709,9.35063362121582,8.447283744812012,9.20368480682373,8.778505325317383,11.18848705291748,9.404420852661133,10.347269058227539,9.027748107910156,9.362921714782715,9.956262588500977,9.593088150024414
